code,name,has_recent_disclosure,latest_date,latest_type,all_types,count
005930,삼성전자,True,20260821,자기주식취득결정,자기주식취득결정,1
000660,SK하이닉스,True,20260819,자기주식취득결정,"자기주식취득결정, 자기주식처분결정",2
005935,삼성전자우,True,20260821,자기주식취득결정,자기주식취득결정,1
402340,SK스퀘어,False,,,,0
009150,삼성전기,False,,,,0
373220,LG에너지솔루션,False,,,,0
005380,현대차,False,,,,0
207940,삼성바이오로직스,True,20261001,유상증자결정,"유상증자결정, 타법인주식및출자증권양수결정",3
028260,삼성물산,False,,,,0
032830,삼성생명,False,,,,0
105560,KB금융,True,20260825,상각형조건부자본증권발행결정,상각형조건부자본증권발행결정,2
012450,한화에어로스페이스,False,,,,0
055550,신한지주,True,20260908,상각형조건부자본증권발행결정,상각형조건부자본증권발행결정,2
034020,두산에너빌리티,False,,,,0
000270,기아,False,,,,0
329180,HD현대중공업,False,,,,0
006400,삼성SDI,True,20260821,타법인주식및출자증권양도결정,타법인주식및출자증권양도결정,1
068270,셀트리온,True,20260929,자기주식취득결정,자기주식취득결정,2
034730,SK,True,20260825,자기주식처분결정,"자기주식처분결정, 전환사채권발행결정",2
012330,현대모비스,True,20260930,회사분할결정,회사분할결정,1
086790,하나금융지주,False,,,,0
066570,LG전자,False,,,,0
035420,NAVER,False,,,,0
010120,LS ELECTRIC,False,,,,0
000810,삼성화재,False,,,,0
267260,HD현대일렉트릭,False,,,,0
298040,효성중공업,False,,,,0
005490,POSCO홀딩스,False,,,,0
042660,한화오션,True,20260928,자기주식취득결정,자기주식취득결정,1
010130,고려아연,False,,,,0
316140,우리금융지주,True,20260807,상각형조건부자본증권발행결정,상각형조건부자본증권발행결정,2
009540,HD한국조선해양,False,,,,0
096770,SK이노베이션,True,20260826,회사합병결정,회사합병결정,2
138040,메리츠금융지주,True,20260921,자본으로인정되는채무증권발행결정,"자본으로인정되는채무증권발행결정, 자기주식취득신탁계약체결결정, 자기주식취득신탁계약해지결정",3
196170,알테오젠,False,,,,0
015760,한국전력,False,,,,0
042700,한미반도체,False,,,,0
017670,SK텔레콤,True,20260827,자기주식처분결정,자기주식처분결정,1
011200,HMM,False,,,,0
051910,LG화학,False,,,,0
000150,두산,True,20260803,타법인주식및출자증권양수결정,타법인주식및출자증권양수결정,1
018260,삼성에스디에스,False,,,,0
006800,미래에셋증권,False,,,,0
010140,삼성중공업,False,,,,0
003550,LG,False,,,,0
033780,KT&G,True,20260922,자기주식취득결정,자기주식취득결정,1
267250,HD현대,False,,,,0
010950,S-Oil,False,,,,0
003670,포스코퓨처엠,False,,,,0
024110,기업은행,True,20260921,상각형조건부자본증권발행결정,상각형조건부자본증권발행결정,1
278470,에이피알,True,20260916,회사합병결정,회사합병결정,2
035720,카카오,True,20260824,회사합병결정,"회사합병결정, 회사분할결정",3
086280,현대글로비스,False,,,,0
079550,LIG디펜스앤에어로스페이스,True,20260904,유상증자결정,유상증자결정,1
064350,현대로템,False,,,,0
011070,LG이노텍,False,,,,0
030200,KT,True,20260909,자기주식취득신탁계약해지결정,자기주식취득신탁계약해지결정,1
000720,현대건설,False,,,,0
272210,한화시스템,False,,,,0
005830,DB손해보험,False,,,,0
047810,한국항공우주,False,,,,0
086520,에코프로,True,20260928,자본으로인정되는채무증권발행결정,자본으로인정되는채무증권발행결정,1
078930,GS,False,,,,0
247540,에코프로비엠,True,20260902,유상증자결정,유상증자결정,1
003230,삼양식품,False,,,,0
307950,현대오토에버,False,,,,0
071050,한국금융지주,False,,,,0
003490,대한항공,False,,,,0
259960,크래프톤,False,,,,0
323410,카카오뱅크,False,,,,0
005940,NH투자증권,False,,,,0
047050,포스코인터내셔널,False,,,,0
006260,LS,False,,,,0
0126Z0,삼성에피스홀딩스,False,,,,0
443060,HD현대마린솔루션,False,,,,0
028050,삼성E&A,False,,,,0
277810,레인보우로보틱스,False,,,,0
180640,한진칼,False,,,,0
090430,아모레퍼시픽,False,,,,0
161390,한국타이어앤테크놀로지,False,,,,0
007660,이수페타시스,False,,,,0
036930,주성엔지니어링,False,,,,0
016360,삼성증권,False,,,,0
352820,하이브,True,20260825,자기주식처분결정,자기주식처분결정,1
009830,한화솔루션,False,,,,0
039490,키움증권,True,20260918,자본으로인정되는채무증권발행결정,자본으로인정되는채무증권발행결정,1
064400,LG씨엔에스,False,,,,0
326030,SK바이오팜,True,20260826,중요한자산양수도결정(기타),중요한자산양수도결정(기타),1
021240,코웨이,False,,,,0
047040,대우건설,False,,,,0
000880,한화,False,,,,0
005387,현대차2우B,False,,,,0
032640,LG유플러스,False,,,,0
128940,한미약품,False,,,,0
267270,HD건설기계,True,20260810,자기주식취득신탁계약해지결정,자기주식취득신탁계약해지결정,1
377300,카카오페이,False,,,,0
000500,가온전선,False,,,,0
000100,유한양행,False,,,,0
062040,산일전기,True,20260826,유형자산양수결정,유형자산양수결정,1
241560,두산밥캣,False,,,,0
001440,대한전선,False,,,,0
353200,대덕전자,False,,,,0
175330,JB금융지주,True,20260929,상각형조건부자본증권발행결정,상각형조건부자본증권발행결정,1
240810,원익IPS,True,20260915,자기주식처분결정,자기주식처분결정,1
066970,엘앤에프,False,,,,0
029780,삼성카드,False,,,,0
088350,한화생명,False,,,,0
271560,오리온,False,,,,0
058470,리노공업,False,,,,0
010060,OCI홀딩스,True,20260810,자기주식취득신탁계약해지결정,자기주식취득신탁계약해지결정,1
039030,이오테크닉스,False,,,,0
036570,NC,False,,,,0
088980,맥쿼리인프라,False,,,,0
222800,심텍,False,,,,0
138930,BNK금융지주,False,,,,0
034220,LG디스플레이,False,,,,0
051900,LG생활건강,False,,,,0
001450,현대해상,False,,,,0
028300,HLB,True,20260805,전환사채권발행결정,전환사채권발행결정,1
454910,두산로보틱스,False,,,,0
005385,현대차우,False,,,,0
011790,SKC,False,,,,0
214450,파마리서치,False,,,,0
002380,KCC,False,,,,0
052690,한전기술,False,,,,0
403870,HPSP,True,20260907,자기주식처분결정,자기주식처분결정,2
004170,신세계,False,,,,0
004020,현대제철,False,,,,0
000990,DB하이텍,False,,,,0
082740,한화엔진,False,,,,0
298380,에이비엘바이오,False,,,,0
001040,CJ,False,,,,0
000250,삼천당제약,False,,,,0
087010,펩트론,False,,,,0
108490,로보티즈,False,,,,0
161890,한국콜마,False,,,,0
319660,피에스케이,False,,,,0
018880,한온시스템,False,,,,0
141080,리가켐바이오,False,,,,0
036460,한국가스공사,False,,,,0
257720,실리콘투,True,20260818,유상증자결정,유상증자결정,1
103590,일진전기,False,,,,0
095340,ISC,False,,,,0
111770,영원무역,False,,,,0
022100,포스코DX,False,,,,0
011780,금호석유화학,True,20260929,자기주식취득신탁계약해지결정,"자기주식취득신탁계약해지결정, 회사합병결정",4
192820,코스맥스,False,,,,0
251270,넷마블,False,,,,0
023530,롯데쇼핑,False,,,,0
440110,파두,False,,,,0
035250,강원랜드,False,,,,0
008930,한미사이언스,False,,,,0
012750,에스원,False,,,,0
310210,보로노이,False,,,,0
145020,휴젤,True,20260806,자기주식처분결정,자기주식처분결정,1
031210,서울보증보험,False,,,,0
085620,미래에셋생명,False,,,,0
084370,유진테크,False,,,,0
302440,SK바이오사이언스,False,,,,0
139130,iM금융지주,True,20260907,상각형조건부자본증권발행결정,상각형조건부자본증권발행결정,2
028670,팬오션,False,,,,0
017800,현대엘리베이터,False,,,,0
336260,두산퓨얼셀,False,,,,0
004800,효성,False,,,,0
009420,한올바이오파마,False,,,,0
006360,GS건설,True,20260922,영업정지,영업정지,1
097950,CJ제일제당,False,,,,0
375500,DL이앤씨,False,,,,0
214370,케어젠,False,,,,0
007340,DN오토모티브,False,,,,0
064760,티씨케이,False,,,,0
004370,농심,True,20260903,자기주식처분결정,자기주식처분결정,1
080220,제주반도체,False,,,,0
031980,피에스케이홀딩스,False,,,,0
450080,에코프로머티,False,,,,0
357780,솔브레인,False,,,,0
095610,테스,False,,,,0
383220,F&F,False,,,,0
282330,BGF리테일,False,,,,0
483650,달바글로벌,True,20260928,자기주식취득신탁계약체결결정,자기주식취득신탁계약체결결정,1
003690,코리안리,False,,,,0
011170,롯데케미칼,False,,,,0
026960,동서,False,,,,0
319400,현대무벡스,True,20260806,자기주식처분결정,자기주식처분결정,1
001720,신영증권,False,,,,0
489790,한화비전,False,,,,0
131290,티에스이,False,,,,0
005850,에스엘,False,,,,0
004990,롯데지주,True,20260928,자본으로인정되는채무증권발행결정,자본으로인정되는채무증권발행결정,2
347850,디앤디파마텍,False,,,,0
204320,HL만도,False,,,,0
178320,서진시스템,True,20260901,자본으로인정되는채무증권발행결정,"자본으로인정되는채무증권발행결정, 전환사채권발행결정",10
000240,한국앤컴퍼니,False,,,,0
067310,하나마이크론,False,,,,0
181710,NHN,False,,,,0
279570,케이뱅크,False,,,,0
103140,풍산,False,,,,0
226950,올릭스,False,,,,0
005440,현대지에프홀딩스,True,20260807,자기주식취득결정,자기주식취득결정,1
014680,한솔케미칼,False,,,,0
081660,미스토홀딩스,True,20260812,자기주식취득결정,자기주식취득결정,1
030000,제일기획,True,20260930,자기주식취득결정,자기주식취득결정,1
007070,GS리테일,False,,,,0
018670,SK가스,True,20260827,회사합병결정,회사합병결정,2
009970,영원무역홀딩스,False,,,,0
237690,에스티팜,False,,,,0
214150,클래시스,False,,,,0
073240,금호타이어,False,,,,0
005290,동진쎄미켐,True,20260831,자기주식취득신탁계약해지결정,자기주식취득신탁계약해지결정,1
069960,현대백화점,False,,,,0
457190,이수스페셜티케미컬,False,,,,0
020150,롯데에너지머티리얼즈,False,,,,0
002790,아모레퍼시픽홀딩스,False,,,,0
010170,대한광통신,False,,,,0
139480,이마트,False,,,,0
051600,한전KPS,False,,,,0
140410,메지온,False,,,,0
058610,에스피지,False,,,,0
112610,씨에스윈드,False,,,,0
263750,펄어비스,False,,,,0
462870,시프트업,True,20260910,자기주식취득신탁계약해지결정,자기주식취득신탁계약해지결정,1
098460,고영,True,20260930,자기주식처분결정,자기주식처분결정,2
083650,비에이치아이,False,,,,0
089860,롯데렌탈,False,,,,0
032820,우리기술,True,20260930,자기전환사채만기전취득결정,"자기전환사채만기전취득결정, 전환사채권발행결정",2
068760,셀트리온제약,False,,,,0
439260,대한조선,False,,,,0
089030,테크윙,False,,,,0
071970,HD현대마린엔진,False,,,,0
475150,SK이터닉스,True,20260902,유형자산양도결정,유형자산양도결정,2
120110,코오롱인더,True,20260917,자본으로인정되는채무증권발행결정,자본으로인정되는채무증권발행결정,1
008770,호텔신라,False,,,,0
140860,파크시스템스,False,,,,0
096530,씨젠,True,20260812,자기주식처분결정,자기주식처분결정,1
000155,두산우,True,20260803,타법인주식및출자증권양수결정,타법인주식및출자증권양수결정,1
023590,다우기술,False,,,,0
041510,에스엠,False,,,,0
000120,CJ대한통운,False,,,,0
006040,동원산업,False,,,,0
060370,LS마린솔루션,False,,,,0
007390,네이처셀,False,,,,0
395400,SK리츠,False,,,,0
011210,현대위아,False,,,,0
020560,아시아나항공,False,,,,0
001120,LX인터내셔널,False,,,,0
0009K0,에임드바이오,False,,,,0
001800,오리온홀딩스,False,,,,0
950160,코오롱티슈진,False,,,,0
009155,삼성전기우,False,,,,0
294870,IPARK현대산업개발,False,,,,0
131970,두산테스나,False,,,,0
241710,코스메카코리아,True,20260928,회사합병결정,회사합병결정,3
322000,HD현대에너지솔루션,False,,,,0
006280,녹십자,False,,,,0
298020,효성티앤씨,False,,,,0
097230,HJ중공업,False,,,,0
001430,세아베스틸지주,False,,,,0
069620,대웅제약,False,,,,0
323280,태성,False,,,,0
290650,엘앤씨바이오,True,20260902,유무상증자결정,유무상증자결정,1
229640,LS에코에너지,False,,,,0
078600,대주전자재료,False,,,,0
007810,코리아써키트,False,,,,0
089970,브이엠,False,,,,0
039200,오스코텍,False,,,,0
035900,JYP Ent.,False,,,,0
030530,원익홀딩스,True,20260828,풋백옵션등계약체결결정,풋백옵션등계약체결결정,1
093370,후성,False,,,,0
007310,오뚜기,False,,,,0
012630,HDC,False,,,,0
005070,코스모신소재,False,,,,0
001740,SK네트웍스,True,20260814,자기주식처분결정,자기주식처분결정,1
280360,롯데웰푸드,False,,,,0
420770,기가비스,False,,,,0
361610,SK아이이테크놀로지,True,20260826,회사합병결정,회사합병결정,2
000815,삼성화재우,False,,,,0
183300,코미코,False,,,,0
281820,케이씨텍,False,,,,0
415640,KB발해인프라,False,,,,0
066575,LG전자우,False,,,,0
475830,오름테라퓨틱,False,,,,0
003540,대신증권,False,,,,0
300720,한일시멘트,False,,,,0
192080,더블유게임즈,False,,,,0
195940,HK이노엔,False,,,,0
017960,한국카본,True,20260818,회사합병결정,회사합병결정,8
004000,롯데정밀화학,False,,,,0
082920,비츠로셀,False,,,,0
043260,성호전자,True,20260918,전환사채매수선택권행사자지정,"전환사채매수선택권행사자지정, 전환사채권발행결정",7
218410,RFHIC,True,20260811,자기주식처분결정,자기주식처분결정,1
003380,하림지주,False,,,,0
030610,교보증권,False,,,,0
127120,제이에스링크,True,20260824,자기전환사채만기전취득결정,자기전환사채만기전취득결정,1
001820,삼화콘덴서,False,,,,0
204270,제이앤티씨,False,,,,0
330590,롯데리츠,False,,,,0
000080,하이트진로,False,,,,0
006110,삼아알미늄,False,,,,0
003240,태광산업,False,,,,0
000210,DL,False,,,,0
003530,한화투자증권,True,20260930,유상증자결정,"유상증자결정, 자본으로인정되는채무증권발행결정",2
293490,카카오게임즈,False,,,,0
032350,롯데관광개발,True,20260803,자기전환사채만기전취득결정,자기전환사채만기전취득결정,1
006340,대원전선,False,,,,0
496320,본시스템즈,False,,,,0
000370,한화손해보험,False,,,,0
347700,스피어,False,,,,0
003090,대웅,False,,,,0
051915,LG화학우,False,,,,0
166090,하나머티리얼즈,True,20260914,타법인주식및출자증권양도결정,"타법인주식및출자증권양도결정, 교환사채권발행결정",2
077970,STX엔진,False,,,,0
192400,쿠쿠홀딩스,False,,,,0
086450,동국제약,False,,,,0
437730,삼현,False,,,,0
356860,티엘비,True,20260806,자기주식취득신탁계약체결결정,자기주식취득신탁계약체결결정,1
036540,SFA반도체,False,,,,0
003570,SNT다이내믹스,False,,,,0
950260,인제니아테라퓨틱스(Reg.S),False,,,,0
185750,종근당,False,,,,0
451800,한화리츠,False,,,,0
030190,NICE평가정보,False,,,,0
034230,파라다이스,False,,,,0
285130,SK케미칼,False,,,,0
004490,세방전지,False,,,,0
006120,SK디스커버리,True,20260907,자기주식취득신탁계약해지결정,자기주식취득신탁계약해지결정,1
003470,유안타증권,False,,,,0
005300,롯데칠성,False,,,,0
079160,CJ CGV,False,,,,0
232140,와이씨,False,,,,0
195870,해성디에스,False,,,,0
009240,한샘,False,,,,0
036830,솔브레인홀딩스,True,20261001,회사합병결정,회사합병결정,1
009450,경동나비엔,False,,,,0
499790,GS피앤엘,False,,,,0
101490,에스앤에스텍,False,,,,0
071055,한국금융지주우,False,,,,0
056190,SFA,False,,,,0
445680,큐리옥스바이오시스템즈,False,,,,0
071320,지역난방공사,False,,,,0
005180,빙그레,False,,,,0
491000,리브스메드,False,,,,0
213420,덕산네오룩스,False,,,,0
065350,신성델타테크,False,,,,0
041830,인바디,True,20260806,자기주식처분결정,자기주식처분결정,2
476060,온코닉테라퓨틱스,False,,,,0
038500,삼표시멘트,False,,,,0
014620,성광벤드,True,20261001,자기주식취득신탁계약체결결정,자기주식취득신탁계약체결결정,1
031330,에스에이엠티,False,,,,0
100790,미래에셋벤처투자,False,,,,0
476830,알지노믹스,False,,,,0
458870,씨어스,False,,,,0
115180,큐리언트,True,20260929,유상증자결정,유상증자결정,2
083450,GST,True,20261001,자기주식처분결정,자기주식처분결정,1
298050,HS효성첨단소재,False,,,,0
365550,ESR켄달스퀘어리츠,False,,,,0
099320,쎄트렉아이,False,,,,0
281740,레이크머티리얼즈,False,,,,0
124500,아이티센글로벌,False,,,,0
100090,SK오션플랜트,False,,,,0
085660,차바이오텍,False,,,,0
003850,보령,True,20260916,회사분할결정,"회사분할결정, 자기주식처분결정",3
252990,샘씨엔에스,False,,,,0
032190,다우데이타,False,,,,0
388720,유일로보틱스,False,,,,0
122870,와이지엔터테인먼트,False,,,,0
417200,LS머트리얼즈,False,,,,0
214320,이노션,False,,,,0
225570,넥슨게임즈,False,,,,0
003160,디아이,False,,,,0
090710,휴림로봇,True,20260923,유상증자결정,유상증자결정,1
005090,SGC에너지,True,20260820,자본으로인정되는채무증권발행결정,자본으로인정되는채무증권발행결정,1
094170,동운아나텍,False,,,,0
137310,에스디바이오센서,False,,,,0
036530,SNT홀딩스,False,,,,0
035760,CJ ENM,False,,,,0
033100,제룡전기,False,,,,0
000670,영풍,False,,,,0
090460,비에이치,False,,,,0
090360,로보스타,False,,,,0
171090,선익시스템,False,,,,0
456040,OCI,True,20260929,영업정지,"영업정지, 자기주식취득신탁계약해지결정",2
251970,펌텍코리아,False,,,,0
119850,지엔씨에너지,False,,,,0
137400,피엔티,True,20260814,자기주식취득결정,자기주식취득결정,2
064960,SNT모티브,True,20260904,회사합병결정,회사합병결정,2
006730,서부T&D,False,,,,0
388210,씨엠티엑스,False,,,,0
033790,피노,True,20260828,유상증자결정,유상증자결정,1
041960,코미팜,False,,,,0
093050,LF,True,20260930,자기주식취득결정,자기주식취득결정,1
100840,SNT에너지,False,,,,0
074600,원익QnC,False,,,,0
328130,루닛,False,,,,0
189300,인텔리안테크,False,,,,0
001060,JW중외제약,False,,,,0
017940,E1,False,,,,0
069260,TKG휴켐스,False,,,,0
094800,맵스리얼티,False,,,,0
000400,롯데손해보험,False,,,,0
317450,명인제약,False,,,,0
253450,스튜디오드래곤,False,,,,0
044490,태웅,False,,,,0
014820,동원시스템즈,False,,,,0
268280,미원에스씨,False,,,,0
005880,대한해운,False,,,,0
053800,안랩,False,,,,0
093320,케이아이엔엑스,False,,,,0
005690,파미셀,False,,,,0
293940,신한알파리츠,False,,,,0
023160,태광,False,,,,0
001680,대상,False,,,,0
033240,자화전자,False,,,,0
002960,한국쉘석유,False,,,,0
466100,클로봇,True,20260831,타법인주식및출자증권양수결정,"타법인주식및출자증권양수결정, 유상증자결정",2
248070,솔루엠,False,,,,0
456160,지투지바이오,False,,,,0
006650,대한유화,False,,,,0
001570,금양,True,20261001,회사분할결정,"회사분할결정, 유상증자결정",6
383800,LX홀딩스,False,,,,0
161580,필옵틱스,False,,,,0
327260,RF머트리얼즈,False,,,,0
059090,미코,False,,,,0
000640,동아쏘시오홀딩스,False,,,,0
122640,예스티,False,,,,0
002350,넥센타이어,False,,,,0
002840,미원상사,False,,,,0
108320,LX세미콘,False,,,,0
006380,카프로,False,,,,0
222080,SFA넥셀,False,,,,0
102710,이엔에프테크놀로지,False,,,,0
0220W0,한화머시너리앤서비스홀딩스,False,,,,0
032500,케이엠더블유,False,,,,0
048410,현대바이오,False,,,,0
002990,금호건설,False,,,,0
453340,현대그린푸드,True,20260804,자기주식취득결정,자기주식취득결정,1
121600,나노신소재,True,20260918,자기주식처분결정,자기주식처분결정,1
036810,에프에스티,True,20260928,자기주식처분결정,자기주식처분결정,2
060250,NHN KCP,False,,,,0
079940,가비아,False,,,,0
114090,GKL,False,,,,0
075580,세진중공업,False,,,,0
001510,SK증권,False,,,,0
058650,세아홀딩스,False,,,,0
178920,PI첨단소재,False,,,,0
003300,한일홀딩스,False,,,,0
001270,부국증권,False,,,,0
052400,코나아이,True,20260914,무상증자결정,무상증자결정,1
001530,DI동일,False,,,,0
046890,서울반도체,False,,,,0
052020,에스티큐브,False,,,,0
007700,F&F홀딩스,False,,,,0
160190,하이젠알앤엠,False,,,,0
025540,한국단자,False,,,,0
079900,전진건설로봇,False,,,,0
336370,솔루스첨단소재,False,,,,0
211050,인카금융서비스,True,20260810,자기주식취득신탁계약해지결정,자기주식취득신탁계약해지결정,1
295310,에이치브이엠,False,,,,0
016380,KG스틸,True,20260827,타법인주식및출자증권양수결정,타법인주식및출자증권양수결정,1
425420,티에프이,False,,,,0
019170,신풍제약,False,,,,0
005810,풍산홀딩스,False,,,,0
003620,KG모빌리티,True,20260827,전환사채권발행결정,전환사채권발행결정,2
009520,포스코엠텍,False,,,,0
050890,쏠리드,False,,,,0
086900,메디톡스,False,,,,0
033500,동성화인텍,False,,,,0
161000,애경케미칼,False,,,,0
053610,프로텍,False,,,,0
045100,한양이엔지,False,,,,0
284740,쿠쿠홈시스,False,,,,0
112040,위메이드,False,,,,0
490470,세미파이브,False,,,,0
033640,네패스,False,,,,0
041190,우리기술투자,False,,,,0
025980,아난티,False,,,,0
399720,가온칩스,True,20260903,자기주식취득신탁계약체결결정,자기주식취득신탁계약체결결정,1
460860,동국제강,False,,,,0
039130,하나투어,False,,,,0
019210,와이지-원,False,,,,0
358570,지아이이노베이션,False,,,,0
278280,천보,False,,,,0
484870,엠앤씨솔루션,True,20260901,자기주식취득신탁계약체결결정,자기주식취득신탁계약체결결정,2
383310,에코프로에이치엔,False,,,,0
448730,삼성FN리츠,True,20260921,유상증자결정,유상증자결정,2
037460,삼지전자,False,,,,0
003545,대신증권우,False,,,,0
008060,대덕,False,,,,0
001500,현대차증권,False,,,,0
099190,아이센스,False,,,,0
009410,태영건설,True,20260930,유상증자결정,유상증자결정,2
397030,에이프릴바이오,False,,,,0
340570,티앤엘,False,,,,0
377740,바이오노트,False,,,,0
460930,현대힘스,False,,,,0
004690,삼천리,False,,,,0
034310,NICE,True,20260904,자기주식취득신탁계약해지결정,자기주식취득신탁계약해지결정,1
015750,성우하이텍,False,,,,0
101160,월덱스,False,,,,0
145990,삼양사,False,,,,0
090435,아모레퍼시픽우,False,,,,0
365340,성일하이텍,False,,,,0
000070,삼양홀딩스,False,,,,0
034950,한국기업평가,False,,,,0
010780,아이에스동서,True,20260820,자기주식취득신탁계약체결결정,자기주식취득신탁계약체결결정,1
002240,고려제강,False,,,,0
082270,젬백스,True,20260911,유형자산양수결정,"유형자산양수결정, 자기주식처분결정, 유상증자결정",6
174900,앱클론,False,,,,0
253590,네오셈,False,,,,0
035890,서희건설,False,,,,0
005250,녹십자홀딩스,False,,,,0
249420,일동제약,False,,,,0
077360,덕산하이메탈,False,,,,0
376900,로킷헬스케어,False,,,,0
336570,원텍,True,20260804,자기주식처분결정,자기주식처분결정,1
014830,유니드,False,,,,0
056080,유진로봇,False,,,,0
348370,엔켐,False,,,,0
009900,명신산업,False,,,,0
005945,NH투자증권우,False,,,,0
067160,SOOP,True,20260904,유형자산양수결정,유형자산양수결정,1
018290,브이티,True,20260813,자기주식취득결정,자기주식취득결정,1
376300,디어유,True,20260929,자기주식취득신탁계약체결결정,자기주식취득신탁계약체결결정,1
002030,아세아,False,,,,0
072710,농심홀딩스,False,,,,0
024850,HLB이노베이션,True,20260828,유상증자결정,"유상증자결정, 타법인주식및출자증권양수결정",3
214430,아이쓰리시스템,False,,,,0
005389,현대차3우B,False,,,,0
005420,코스모화학,False,,,,0
126340,비나텍,True,20260814,전환사채권발행결정,전환사채권발행결정,1
030520,한컴,False,,,,0
403550,쏘카,True,20261001,자기주식취득신탁계약체결결정,"자기주식취득신탁계약체결결정, 자기주식취득신탁계약해지결정",2
003000,부광약품,False,,,,0
029460,케이씨,False,,,,0
092230,KPX홀딩스,False,,,,0
001200,유진투자증권,False,,,,0
004700,조광피혁,False,,,,0
477850,마키나락스,False,,,,0
016610,DB증권,False,,,,0
016590,신대양제지,False,,,,0
003030,세아제강지주,False,,,,0
272290,이녹스첨단소재,False,,,,0
017900,광전자,False,,,,0
317400,자이에스앤디,False,,,,0
078340,컴투스,False,,,,0
348340,뉴로메카,False,,,,0
064290,인텍플러스,False,,,,0
002810,삼영무역,False,,,,0
204620,글로벌텍스프리,False,,,,0
104830,원익머트리얼즈,False,,,,0
452260,한화갤러리아,True,20260821,유형자산양수결정,유형자산양수결정,1
357120,코람코라이프인프라리츠,True,20260922,자기전환사채만기전취득결정,"자기전환사채만기전취득결정, 전환사채권발행결정",4
080580,오킨스전자,False,,,,0
003280,흥아해운,False,,,,0
344820,KCC글라스,False,,,,0
042000,카페24,False,,,,0
008730,율촌화학,False,,,,0
078130,국일제지,True,20260922,회사합병결정,회사합병결정,2
439960,코스모로보틱스,False,,,,0
125490,한라캐스트,False,,,,0
013030,하이록코리아,False,,,,0
130660,한전산업,False,,,,0
029530,신도리코,False,,,,0
183190,아세아시멘트,False,,,,0
0120G0,삼양바이오팜,False,,,,0
475960,토모큐브,False,,,,0
219130,타이거일렉,False,,,,0
306200,세아제강,False,,,,0
194370,제이에스코퍼레이션,False,,,,0
486990,노타,False,,,,0
027360,아주IB투자,False,,,,0
001940,KISCO홀딩스,True,20260909,자기주식취득신탁계약해지결정,자기주식취득신탁계약해지결정,1
241770,메카로,False,,,,0
368770,파이버프로,False,,,,0
064260,다날,False,,,,0
271940,일진하이솔루스,False,,,,0
389470,인벤티지랩,False,,,,0
950210,프레스티지바이오파마,False,,,,0
095660,네오위즈,True,20260812,자기주식취득신탁계약체결결정,자기주식취득신탁계약체결결정,1
092730,네오팜,False,,,,0
015360,INVENI,False,,,,0
192650,드림텍,False,,,,0
144960,뉴파워프라즈마,False,,,,0
236200,슈프리마,False,,,,0
006220,제주은행,True,20260916,상각형조건부자본증권발행결정,상각형조건부자본증권발행결정,2
468530,프로티나,False,,,,0
031430,신세계인터내셔날,False,,,,0
089010,켐트로닉스,False,,,,0
092190,서울바이오시스,False,,,,0
017810,풀무원,True,20260828,자본으로인정되는채무증권발행결정,자본으로인정되는채무증권발행결정,3
025900,동화기업,False,,,,0
089890,코세스,False,,,,0
027410,BGF,False,,,,0
126560,현대퓨처넷,True,20260803,자기주식취득결정,자기주식취득결정,1
078020,LS증권,False,,,,0
215200,메가스터디교육,False,,,,0
393890,더블유씨피,False,,,,0
007690,국도화학,False,,,,0
025320,시노펙스,False,,,,0
060980,HL홀딩스,True,20260813,자기주식취득신탁계약해지결정,"자기주식취득신탁계약해지결정, 자기주식취득신탁계약체결결정",2
107640,한중엔시에스,True,20260813,전환사채권발행결정,"전환사채권발행결정, 자본으로인정되는채무증권발행결정",3
170900,동아에스티,False,,,,0
003800,에이스침대,False,,,,0
332570,PS일렉트로닉스,True,20260811,자기주식취득신탁계약해지결정,자기주식취득신탁계약해지결정,1
006405,삼성SDI우,True,20260821,타법인주식및출자증권양도결정,타법인주식및출자증권양도결정,1
372320,큐로셀,False,,,,0
105630,한세실업,False,,,,0
170920,엘티씨,False,,,,0
092870,엑시콘,False,,,,0
036800,나이스정보통신,False,,,,0
089590,제주항공,True,20260915,자본으로인정되는채무증권발행결정,자본으로인정되는채무증권발행결정,1
097520,엠씨넥스,True,20260807,자기주식취득결정,자기주식취득결정,2
104700,한국철강,True,20260909,자기주식취득신탁계약해지결정,자기주식취득신탁계약해지결정,1
101730,위메이드맥스,False,,,,0
005610,삼립,False,,,,0
114810,한솔아이원스,False,,,,0
441270,파인엠텍,False,,,,0
004710,한솔테크닉스,False,,,,0
069080,웹젠,False,,,,0
060280,큐렉소,False,,,,0
006910,보성파워텍,False,,,,0
900290,GRT,True,20260903,유상증자결정,유상증자결정,1
024720,콜마홀딩스,False,,,,0
033160,엠케이전자,False,,,,0
078160,메디포스트,False,,,,0
215600,신라젠,False,,,,0
011930,신성이엔지,False,,,,0
020000,한섬,True,20260918,자기주식취득결정,자기주식취득결정,1
206650,유바이오로직스,True,20260821,자기주식취득신탁계약해지결정,자기주식취득신탁계약해지결정,1
011760,현대코퍼레이션,False,,,,0
002020,코오롱,False,,,,0
002310,아세아제지,True,20260814,자기주식취득신탁계약해지결정,자기주식취득신탁계약해지결정,1
036620,감성코퍼레이션,False,,,,0
098120,마이크로컨텍솔,False,,,,0
290550,디케이티,False,,,,0
009160,SIMPAC,False,,,,0
067630,HLB생명과학,False,,,,0
121440,골프존홀딩스,False,,,,0
092790,넥스틸,False,,,,0
200710,에이디테크놀로지,False,,,,0
084110,휴온스글로벌,False,,,,0
005950,이수화학,False,,,,0
234340,헥토파이낸셜,False,,,,0
356680,엑스게이트,False,,,,0
015860,일진홀딩스,True,20260824,자기주식취득신탁계약체결결정,자기주식취득신탁계약체결결정,1
348210,넥스틴,False,,,,0
026890,스틱인베스트먼트,False,,,,0
200880,서연이화,False,,,,0
005720,넥센,True,20260930,자기주식취득신탁계약체결결정,자기주식취득신탁계약체결결정,1
018000,유니슨,False,,,,0
417840,저스템,True,20260827,자기주식취득결정,자기주식취득결정,1
123890,한국자산신탁,False,,,,0
145720,덴티움,False,,,,0
025860,남해화학,False,,,,0
009290,광동제약,False,,,,0
069540,빛과전자,True,20260805,자기전환사채만기전취득결정,자기전환사채만기전취득결정,1
016800,퍼시스,False,,,,0
018250,애경산업,False,,,,0
078520,에이블씨엔씨,True,20260811,자기주식취득신탁계약해지결정,자기주식취득신탁계약해지결정,1
093520,매커스,False,,,,0
012030,DB,False,,,,0
003350,한국화장품제조,False,,,,0
187660,페니트리움바이오,True,20260803,유상증자결정,유상증자결정,1
001230,동국홀딩스,False,,,,0
381970,케이카,False,,,,0
108670,LX하우시스,False,,,,0
079370,제우스,False,,,,0
455900,엔젤로보틱스,False,,,,0
096760,JW홀딩스,False,,,,0
101930,인화정공,False,,,,0
199800,툴젠,True,20260914,유상증자결정,유상증자결정,2
039440,에스티아이,False,,,,0
078350,한양디지텍,False,,,,0
000157,두산2우B,True,20260803,타법인주식및출자증권양수결정,타법인주식및출자증권양수결정,1
126720,수산인더스트리,False,,,,0
352480,씨앤씨인터내셔널,True,20260812,자기주식취득신탁계약체결결정,"자기주식취득신탁계약체결결정, 자기주식취득신탁계약해지결정",2
002710,TCC스틸,False,,,,0
448900,한국피아이엠,False,,,,0
330860,네패스아크,False,,,,0
272450,진에어,True,20260821,회사합병결정,회사합병결정,1
244920,에이플러스에셋,False,,,,0
035810,이지홀딩스,False,,,,0
025770,한국정보통신,False,,,,0
168360,펨트론,False,,,,0
117730,티로보틱스,False,,,,0
092460,한라IMS,False,,,,0
472850,폰드그룹,False,,,,0
200670,휴메딕스,False,,,,0
294570,쿠콘,True,20260805,자기주식취득신탁계약체결결정,자기주식취득신탁계약체결결정,1
001390,KG케미칼,True,20260814,자기주식처분결정,자기주식처분결정,1
084010,대한제강,False,,,,0
001750,한양증권,False,,,,0
034830,한국토지신탁,False,,,,0
110990,디아이티,False,,,,0
091580,상신이디피,False,,,,0
017890,한국알콜,False,,,,0
035600,KG이니시스,False,,,,0
054950,제이브이엠,False,,,,0
084690,대상홀딩스,False,,,,0
377450,리파인,False,,,,0
265520,AP시스템,True,20260908,자기주식취득신탁계약해지결정,자기주식취득신탁계약해지결정,1
033270,유나이티드제약,False,,,,0
051500,CJ프레시웨이,False,,,,0
042520,한스바이오메드,False,,,,0
091810,트리니티항공,False,,,,0
002900,TYM,False,,,,0
481070,에이유브랜즈,False,,,,0
159010,아스플로,False,,,,0
036890,진성티이씨,False,,,,0
376270,HEM파마,True,20260806,전환사채권발행결정,전환사채권발행결정,1
058430,포스코스틸리온,False,,,,0
043150,바텍,False,,,,0
136480,하림,False,,,,0
482630,삼양엔씨켐,False,,,,0
064550,바이오니아,False,,,,0
003960,사조대림,True,20260930,회사합병결정,회사합병결정,2
017390,서울가스,False,,,,0
049070,인탑스,False,,,,0
287840,인투셀,False,,,,0
037710,광주신세계,False,,,,0
061970,LB세미콘,False,,,,0
334890,이지스밸류플러스리츠,False,,,,0
010955,S-Oil우,False,,,,0
439090,마녀공장,True,20260812,자기주식취득신탁계약해지결정,자기주식취득신탁계약해지결정,1
123330,제닉,False,,,,0
448280,에코아이,False,,,,0
286940,롯데이노베이트,False,,,,0
004430,송원산업,False,,,,0
138080,오이솔루션,False,,,,0
228760,지노믹트리,False,,,,0
010690,화신,False,,,,0
484590,삼양컴텍,False,,,,0
010820,퍼스텍,False,,,,0
389650,넥스트바이오메디컬,False,,,,0
091700,파트론,False,,,,0
122900,아이마켓코리아,False,,,,0
036200,유니셈,False,,,,0
003120,일성아이에스,False,,,,0
317330,덕산테코피아,False,,,,0
488900,비츠로넥스텍,False,,,,0
020120,키다리스튜디오,False,,,,0
000430,대원강업,False,,,,0
424870,이뮨온시아,False,,,,0
098070,한텍,False,,,,0
309710,아이티켐,False,,,,0
151860,KG에코솔루션,False,,,,0
200130,콜마비앤에이치,False,,,,0
267980,매일유업,False,,,,0
024840,KBI메탈,False,,,,0
182400,엔케이젠바이오텍코리아,False,,,,0
160980,싸이맥스,False,,,,0
004310,현대약품,False,,,,0
217590,티엠씨,False,,,,0
099440,스맥,False,,,,0
060720,KH바텍,False,,,,0
105840,우진,False,,,,0
004360,세방,False,,,,0
200470,에이팩트,False,,,,0
461300,아이스크림미디어,True,20260807,자기주식취득신탁계약체결결정,자기주식취득신탁계약체결결정,1
232530,이엠티,False,,,,0
007160,사조산업,False,,,,0
243070,휴온스,True,20260826,회사합병결정,회사합병결정,2
008490,서흥,False,,,,0
121800,비덴트,False,,,,0
378340,필에너지,False,,,,0
047920,HLB제약,True,20260908,유상증자결정,유상증자결정,2
005430,한국공항,False,,,,0
003920,남양유업,False,,,,0
377460,큐에이드,False,,,,0
011560,세보엠이씨,False,,,,0
001790,대한제당,False,,,,0
005500,삼진제약,False,,,,0
180400,DXVX,False,,,,0
045390,대아티아이,False,,,,0
023410,유진기업,True,20260922,회사합병결정,회사합병결정,3
003200,일신방직,False,,,,0
108860,셀바스AI,False,,,,0
298690,에어부산,True,20260821,회사합병결정,회사합병결정,1
003070,코오롱글로벌,True,20260831,자기주식처분결정,자기주식처분결정,1
389500,에스비비테크,False,,,,0
136490,선진,False,,,,0
044820,코스맥스비티아이,False,,,,0
100120,뷰웍스,False,,,,0
226320,잇츠한불,False,,,,0
065680,우주일렉트로,False,,,,0
475560,더본코리아,False,,,,0
005680,삼영전자,False,,,,0
304360,에스바이오메딕스,False,,,,0
089980,상아프론테크,False,,,,0
452430,사피엔반도체,False,,,,0
404990,신한서부티엔디리츠,False,,,,0
025000,KPX케미칼,False,,,,0
0001A0,덕양에너젠,False,,,,0
000680,LS네트웍스,False,,,,0
237880,클리오,False,,,,0
0030R0,대신밸류리츠,False,,,,0
068930,디지털대성,True,20260921,자기주식취득신탁계약체결결정,자기주식취득신탁계약체결결정,1
030210,다올투자증권,False,,,,0
064820,케이프,True,20260814,회사합병결정,회사합병결정,1
900140,엘브이엠씨홀딩스,False,,,,0
000490,대동,False,,,,0
053690,한미글로벌,False,,,,0
394280,오픈엣지테크놀로지,False,,,,0
000540,흥국화재,False,,,,0
065710,서호전기,False,,,,0
003650,미창석유,False,,,,0
092200,디아이씨,False,,,,0
001460,BYC,True,20260805,자기주식취득신탁계약체결결정,자기주식취득신탁계약체결결정,1
389260,대명에너지,False,,,,0
114190,강원에너지,False,,,,0
002320,한진,False,,,,0
243840,신흥에스이씨,False,,,,0
094480,갤럭시아머니트리,False,,,,0
071200,인피니트헬스케어,False,,,,0
298830,슈어소프트테크,False,,,,0
086390,유니테스트,False,,,,0
043370,피에이치에이,False,,,,0
462860,더즌,False,,,,0
001340,PKC,True,20260820,유형자산양수결정,유형자산양수결정,1
053030,바이넥스,False,,,,0
348950,제이알글로벌리츠,True,20260914,회생절차개시신청,회생절차개시신청,2
036030,케이티알파,False,,,,0
034120,SBS,False,,,,0
000050,경방,False,,,,0
365270,큐라클,False,,,,0
051905,LG생활건강우,False,,,,0
000320,노루홀딩스,False,,,,0
0008Z0,에스엔시스,False,,,,0
001470,삼부토건,True,20260910,영업정지,"영업정지, 유상증자결정, 감자결정",7
215000,골프존,False,,,,0
493280,아이엠바이오로직스,False,,,,0
073490,LIG아큐버,False,,,,0
094360,칩스앤미디어,True,20260928,자기주식취득신탁계약체결결정,자기주식취득신탁계약체결결정,1
134380,미원화학,False,,,,0
254490,미래반도체,False,,,,0
009680,모토닉,False,,,,0
416180,신성에스티,False,,,,0
046970,우리로,False,,,,0
033920,무학,False,,,,0
445090,에이직랜드,False,,,,0
044450,KSS해운,True,20260922,자기주식취득결정,자기주식취득결정,1
0011T0,채비,False,,,,0
023760,한국캐피탈,True,20260921,자본으로인정되는채무증권발행결정,자본으로인정되는채무증권발행결정,2
456010,아이씨티케이,True,20260930,타법인주식및출자증권양수결정,타법인주식및출자증권양수결정,1
001250,GS글로벌,False,,,,0
011500,한농화성,False,,,,0
206640,바디텍메드,True,20260922,자기주식취득신탁계약해지결정,자기주식취득신탁계약해지결정,1
095500,미래나노텍,False,,,,0
061090,세나테크놀로지,False,,,,0
019010,베뉴지,False,,,,0
005710,대원산업,False,,,,0
042370,비츠로테크,False,,,,0
353810,이지바이오,False,,,,0
432320,KB스타리츠,False,,,,0
314930,바이오다인,False,,,,0
067390,아스트,False,,,,0
290690,아리바이오홀딩스,True,20260929,회사합병결정,"회사합병결정, 자기전환사채매도결정",3
003555,LG우,False,,,,0
0082N0,카나프테라퓨틱스,False,,,,0
298000,효성화학,False,,,,0
035150,백산,False,,,,0
014940,오리엔탈정공,False,,,,0
036710,심텍홀딩스,False,,,,0
241520,DSC인베스트먼트,False,,,,0
217730,강스템바이오텍,False,,,,0
144510,지씨셀,False,,,,0
000650,천일고속,False,,,,0
000480,CR홀딩스,False,,,,0
950170,JTC,False,,,,0
017860,DS단석,False,,,,0
003720,삼영,True,20260810,유형자산양수결정,유형자산양수결정,1
194480,데브시스터즈,False,,,,0
307180,아이엘,True,20260910,전환사채권발행결정,전환사채권발행결정,1
475400,씨메스로보틱스,False,,,,0
052330,코텍,False,,,,0
125020,티씨머티리얼즈,False,,,,0
099430,바이오플러스,False,,,,0
446540,메가터치,False,,,,0
005010,휴스틸,False,,,,0
318060,그래피,True,20260811,타법인주식및출자증권양수결정,타법인주식및출자증권양수결정,2
203650,드림시큐리티,False,,,,0
003520,영진약품,False,,,,0
067080,대화제약,False,,,,0
004980,성신양회,False,,,,0
134580,탑코미디어,False,,,,0
036190,금화피에스시,False,,,,0
484810,티엑스알로보틱스,False,,,,0
419530,SAMG엔터,False,,,,0
380540,옵티코어,True,20260911,자기전환사채만기전취득결정,자기전환사채만기전취득결정,3
304100,솔트룩스,False,,,,0
058970,엠로,False,,,,0
085910,네오티스,False,,,,0
194700,노바렉스,False,,,,0
037270,YG PLUS,False,,,,0
053300,한국정보인증,True,20260820,자기주식취득신탁계약체결결정,"자기주식취득신탁계약체결결정, 자기주식취득신탁계약해지결정",2
018310,삼목에스폼,True,20260908,자기주식취득신탁계약체결결정,자기주식취득신탁계약체결결정,1
088260,이리츠코크렙,False,,,,0
100250,진양홀딩스,False,,,,0
450950,아스테라시스,False,,,,0
084850,아이티엠반도체,False,,,,0
484120,도우인시스,False,,,,0
199430,케이엔알시스템,False,,,,0
010580,에스엠벡셀,False,,,,0
001130,대한제분,False,,,,0
314130,지놈앤컴퍼니,False,,,,0
082800,비보존 제약,False,,,,0
039570,HDC랩스,False,,,,0
095570,AJ네트웍스,False,,,,0
013120,동원개발,False,,,,0
066620,국보디자인,False,,,,0
112290,와이씨켐,False,,,,0
462350,이노스페이스,False,,,,0
102940,코오롱생명과학,False,,,,0
028100,동아지질,False,,,,0
452280,한선엔지니어링,False,,,,0
042420,네오위즈홀딩스,False,,,,0
001630,종근당홀딩스,False,,,,0
053210,스카이라이프,False,,,,0
377190,디앤디플랫폼리츠,False,,,,0
403850,더핑크퐁컴퍼니,False,,,,0
190510,나무가,False,,,,0
012210,삼미금속,False,,,,0
034810,해성산업,False,,,,0
214180,헥토이노베이션,False,,,,0
036560,KZ정밀,False,,,,0
339770,교촌에프앤비,True,20260810,자기주식처분결정,자기주식처분결정,1
016580,환인제약,False,,,,0
102260,동성케미컬,False,,,,0
272110,케이엔제이,True,20260902,자기주식취득신탁계약체결결정,자기주식취득신탁계약체결결정,1
256840,한국비엔씨,False,,,,0
013580,계룡건설,True,20260911,영업정지,영업정지,1
033530,SJG세종,True,20260824,회사합병결정,회사합병결정,2
459510,나우로보틱스,False,,,,0
000140,하이트진로홀딩스,False,,,,0
003547,대신증권2우B,False,,,,0
117580,대성에너지,False,,,,0
216080,제테마,False,,,,0
425040,티이엠씨,True,20260804,자기주식취득신탁계약체결결정,자기주식취득신탁계약체결결정,1
007860,서연,False,,,,0
126600,BGF에코머티리얼즈,True,20260908,회사합병결정,회사합병결정,2
039830,오로라,False,,,,0
049430,코메론,True,20260904,자기주식취득신탁계약체결결정,"자기주식취득신탁계약체결결정, 자기주식취득신탁계약해지결정",2
357550,석경에이티,False,,,,0
016790,현대사료,False,,,,0
143240,사람인,False,,,,0
115450,HLB테라퓨틱스,True,20260821,자기전환사채만기전취득결정,"자기전환사채만기전취득결정, 유상증자결정, 전환사채권발행결정",8
128820,대성산업,False,,,,0
417030,니어스랩,False,,,,0
126700,하이비젼시스템,False,,,,0
260870,SK시그넷,False,,,,0
102460,이연제약,True,20260928,자기전환사채만기전취득결정,자기전환사채만기전취득결정,1
220100,퓨쳐켐,True,20260901,유무상증자결정,유무상증자결정,1
035510,신세계 I&C,False,,,,0
064850,에프앤가이드,True,20260928,자기주식취득신탁계약체결결정,자기주식취득신탁계약체결결정,1
119830,아이텍,True,20260922,자기전환사채매도결정,"자기전환사채매도결정, 유상증자결정",3
204610,티쓰리,False,,,,0
354320,알멕,False,,,,0
126730,코칩,True,20260814,자기주식처분결정,자기주식처분결정,1
464080,에스오에스랩,False,,,,0
052710,아모텍,False,,,,0
241590,화승엔터프라이즈,False,,,,0
016450,한세예스24홀딩스,False,,,,0
025560,미래산업,False,,,,0
078150,HB테크놀러지,False,,,,0
213500,한솔제지,False,,,,0
002100,경농,False,,,,0
234080,JW생명과학,False,,,,0
270660,에브리봇,False,,,,0
192440,슈피겐코리아,False,,,,0
014710,사조씨푸드,True,20260813,유형자산양수결정,유형자산양수결정,2
388050,지투파워,False,,,,0
000390,SP삼화,False,,,,0
487570,HS효성,False,,,,0
003220,대원제약,False,,,,0
002420,우양피앤엘,False,,,,0
222040,코스맥스엔비티,False,,,,0
054210,이랜텍,False,,,,0
489460,바이오비쥬,True,20260910,전환사채권발행결정,전환사채권발행결정,1
402030,코난테크놀로지,False,,,,0
002150,도화엔지니어링,False,,,,0
176750,듀켐바이오,False,,,,0
003610,방림,True,20260917,유형자산양도결정,유형자산양도결정,1
372170,윤성에프앤씨,False,,,,0
293780,압타바이오,False,,,,0
950140,잉글우드랩,False,,,,0
003460,유화증권,False,,,,0
004560,현대비앤지스틸,False,,,,0
083310,엘오티베큠,False,,,,0
092130,이크레더블,False,,,,0
143160,아이디스,False,,,,0
138610,나이벡,False,,,,0
000300,DH오토넥스,True,20260818,타법인주식및출자증권양도결정,타법인주식및출자증권양도결정,1
094820,일진파워,False,,,,0
002170,SYTS,True,20260914,자기주식취득신탁계약해지결정,자기주식취득신탁계약해지결정,1
108380,대양전기공업,False,,,,0
264850,이랜시스,False,,,,0
0039P0,매드업,False,,,,0
000700,유수홀딩스,False,,,,0
005960,동부건설,False,,,,0
0015G0,그린광학,False,,,,0
080160,모두투어,False,,,,0
083930,아바코,False,,,,0
114840,아이패밀리에스씨,False,,,,0
004380,삼익THK,False,,,,0
015230,대창단조,True,20260903,자기주식취득신탁계약체결결정,자기주식취득신탁계약체결결정,1
013890,지누스,False,,,,0
049630,재영솔루텍,False,,,,0
086820,바이오솔루션,True,20260806,전환사채권발행결정,전환사채권발행결정,1
038390,레드캡투어,False,,,,0
006805,미래에셋증권우,False,,,,0
086670,비엠티,False,,,,0
271980,제일약품,False,,,,0
067290,JW신약,False,,,,0
016880,웅진,False,,,,0
245620,EDGC,False,,,,0
122990,와이솔,True,20260811,자기주식취득신탁계약해지결정,자기주식취득신탁계약해지결정,1
123410,코리아에프티,False,,,,0
093190,빅솔론,False,,,,0
234690,녹십자웰빙,False,,,,0
118990,모트렉스,True,20260820,자기주식취득신탁계약체결결정,자기주식취득신탁계약체결결정,1
475040,스트라드비젼,False,,,,0
077500,유니퀘스트,False,,,,0
179290,엠아이텍,False,,,,0
230240,에치에프알,False,,,,0
199820,제일일렉트릭,False,,,,0
007570,일양약품,False,,,,0
097955,CJ제일제당 우,False,,,,0
000860,강남제비스코,False,,,,0
012860,모베이스전자,False,,,,0
101530,해태제과식품,False,,,,0
126640,화신정공,False,,,,0
023910,대한약품,False,,,,0
308430,셀비온,False,,,,0
042600,새로닉스,False,,,,0
032620,GC메디아이,False,,,,0
072870,메가스터디,False,,,,0
382800,지앤비에스 에코,False,,,,0
090350,노루페인트,False,,,,0
123860,아나패스,False,,,,0
068790,DMS,False,,,,0
001210,금호전기,True,20260911,전환사채권발행결정,전환사채권발행결정,1
260970,에스앤디,False,,,,0
041920,메디아나,False,,,,0
394800,쓰리빌리언,False,,,,0
119610,인터로조,False,,,,0
331920,셀레믹스,True,20260914,유상증자결정,유상증자결정,1
101970,우양에이치씨,False,,,,0
263860,지니언스,False,,,,0
066410,버킷스튜디오,True,20260826,유상증자결정,유상증자결정,1
413630,씨피시스템,True,20261001,유형자산양수결정,"유형자산양수결정, 전환사채권발행결정",3
046070,코다코,True,20260903,감자결정,"감자결정, 유상증자결정",3
460850,동국씨엠,False,,,,0
001780,알루코,False,,,,0
039860,나노엔텍,True,20260901,자기주식취득신탁계약체결결정,자기주식취득신탁계약체결결정,1
104480,티케이케미칼,False,,,,0
024800,유성티엔에스,False,,,,0
054800,아이디스홀딩스,False,,,,0
101360,에코앤드림,False,,,,0
051370,인터플렉스,False,,,,0
400760,NH올원리츠,False,,,,0
001045,CJ우,False,,,,0
462520,조선내화,False,,,,0
089600,KT나스미디어,True,20260806,자기주식취득신탁계약해지결정,자기주식취득신탁계약해지결정,1
355150,코스텍시스,False,,,,0
011040,경동제약,False,,,,0
032580,피델릭스,False,,,,0
011785,금호석유화학우,True,20260929,자기주식취득신탁계약해지결정,"자기주식취득신탁계약해지결정, 회사합병결정",4
405100,큐알티,False,,,,0
003830,대한화섬,False,,,,0
046440,KG파이낸셜,False,,,,0
065660,안트로젠,False,,,,0
013990,아가방컴퍼니,False,,,,0
264450,유비쿼스,False,,,,0
024060,흥구석유,False,,,,0
007330,푸른저축은행,False,,,,0
187870,디바이스,False,,,,0
000970,한국주철관,False,,,,0
389020,자람테크놀로지,False,,,,0
418550,제이오,False,,,,0
138360,앤로보틱스,False,,,,0
009470,삼화전기,False,,,,0
071840,롯데하이마트,False,,,,0
293480,하나제약,False,,,,0
023600,삼보판지,False,,,,0
046120,오르비텍,True,20260827,전환사채권발행결정,전환사채권발행결정,3
140610,엔솔바이오사이언스,False,,,,0
049960,쎌바이오텍,False,,,,0
205500,넥써쓰,True,20260930,주식교환ㆍ이전결정,"주식교환ㆍ이전결정, 유상증자결정",3
047770,코데즈컴바인,False,,,,0
004970,신라교역,True,20260904,타법인주식및출자증권양수결정,타법인주식및출자증권양수결정,1
300080,플리토,False,,,,0
308080,바이젠셀,False,,,,0
054450,텔레칩스,False,,,,0
272550,삼양패키징,False,,,,0
041020,폴라리스오피스,False,,,,0
039840,디오,False,,,,0
107590,미원홀딩스,False,,,,0
382900,범한퓨얼셀,False,,,,0
078070,유비쿼스홀딩스,False,,,,0
025820,이구산업,False,,,,0
051160,지어소프트,True,20260804,자기주식취득결정,자기주식취득결정,1
445180,퓨릿,False,,,,0
148150,세경하이테크,False,,,,0
000020,동화약품,False,,,,0
048870,시너지이노베이션,True,20260930,타법인주식및출자증권양도결정,타법인주식및출자증권양도결정,3
005990,매일홀딩스,False,,,,0
001540,안국약품,False,,,,0
002210,동성제약,False,,,,0
001080,만호제강,False,,,,0
004090,한국석유,False,,,,0
003480,한진중공업홀딩스,False,,,,0
093640,케이알엠,False,,,,0
015890,태경산업,False,,,,0
084990,헬릭스미스,False,,,,0
293580,나우IB,True,20260930,감자결정,감자결정,2
060150,인선이엔티,False,,,,0
067280,멀티캠퍼스,True,20260922,자기주식취득결정,자기주식취득결정,1
408920,메쎄이상,False,,,,0
469610,이노테크,False,,,,0
147830,제룡산업,False,,,,0
251370,와이엠티,True,20260814,자기주식취득결정,자기주식취득결정,1
092070,디엔에프,False,,,,0
094280,효성ITX,False,,,,0
006060,화승인더,False,,,,0
036170,에이치엠넥스,False,,,,0
004150,한솔홀딩스,False,,,,0
005160,동국산업,False,,,,0
079960,동양이엔피,False,,,,0
340450,지씨지놈,False,,,,0
153890,져스텍,False,,,,0
474650,링크솔루션,True,20260917,전환사채권발행결정,전환사채권발행결정,3
334970,프레스티지바이오로직스,False,,,,0
003100,선광,False,,,,0
417010,나노팀,False,,,,0
032940,원익,False,,,,0
0007C0,아크릴,False,,,,0
088800,에이스테크,False,,,,0
396300,세아메카닉스,False,,,,0
038290,마크로젠,False,,,,0
069510,에스텍,False,,,,0
095700,제넥신,False,,,,0
086890,이수앱지스,False,,,,0
041520,이엘씨,True,20260921,자기주식취득신탁계약해지결정,자기주식취득신탁계약해지결정,1
003010,혜인,False,,,,0
081000,일진다이아,False,,,,0
004960,한신공영,False,,,,0
289080,SV인베스트먼트,False,,,,0
035610,솔본,False,,,,0
274090,켄코아에어로스페이스,False,,,,0
035080,그래디언트,True,20260810,자기주식취득신탁계약체결결정,자기주식취득신탁계약체결결정,1
418420,라온텍,False,,,,0
115310,인포바인,False,,,,0
008350,남선알미늄,False,,,,0
000520,삼일제약,False,,,,0
012610,경인양행,False,,,,0
338840,와이바이오로직스,False,,,,0
226590,엠디바이스,True,20260909,자기전환사채만기전취득결정,자기전환사채만기전취득결정,1
214420,토니모리,False,,,,0
494120,큐리오시스,False,,,,0
217950,파마리서치바이오,False,,,,0
013520,화승코퍼레이션,False,,,,0
002390,한독,False,,,,0
136540,윈스테크넷,False,,,,0
489500,엘케이켐,False,,,,0
214390,경보제약,True,20260930,영업정지,영업정지,2
321550,티움바이오,False,,,,0
080420,모다이노칩,True,20260914,회사합병결정,회사합병결정,1
0015N0,아로마티카,False,,,,0
049720,고려신용정보,False,,,,0
004080,신흥,True,20260918,자기주식취득결정,자기주식취득결정,1
192410,오늘이엔엠,True,20260911,유상증자결정,유상증자결정,1
009270,신원,False,,,,0
198440,강동씨앤엘,False,,,,0
264660,씨앤지하이테크,False,,,,0
265740,엔에프씨,False,,,,0
140670,알에스오토메이션,False,,,,0
009780,엠에스씨,False,,,,0
267290,경동도시가스,False,,,,0
388790,라이콤,False,,,,0
094840,슈프리마에이치큐,False,,,,0
267320,나인테크,False,,,,0
950190,고스트스튜디오,True,20260901,자기주식취득결정,자기주식취득결정,2
024090,디씨엠,False,,,,0
307750,국전,False,,,,0
001360,삼성제약,True,20260902,전환사채권발행결정,"전환사채권발행결정, 자기전환사채만기전취득결정",2
037560,LG헬로비전,False,,,,0
210540,디와이파워,False,,,,0
007540,샘표,False,,,,0
0088M0,메쥬,True,20260930,유형자산양수결정,유형자산양수결정,1
285490,노바텍,False,,,,0
102120,어보브반도체,True,20260813,자기주식처분결정,자기주식처분결정,1
432720,퀄리타스반도체,False,,,,0
220260,켐트로스,False,,,,0
089470,HDC현대EP,False,,,,0
014280,금강공업,False,,,,0
350520,이지스레지던스리츠,False,,,,0
036690,코맥스,False,,,,0
142210,유니트론텍,False,,,,0
297890,HB솔루션,False,,,,0
322510,제이엘케이,False,,,,0
473980,노머스,False,,,,0
078000,텔코웨어,False,,,,0
086980,쇼박스,False,,,,0
457550,우진엔텍,False,,,,0
149950,아바텍,True,20260903,자기주식취득신탁계약체결결정,자기주식취득신탁계약체결결정,1
008830,대동기어,False,,,,0
240550,동방메디컬,False,,,,0
011690,와이투솔루션,False,,,,0
232680,라온로보틱스,False,,,,0
452450,피아이이,False,,,,0
009070,KCTC,False,,,,0
018470,조일알미늄,False,,,,0
282880,코윈테크,False,,,,0
095190,신화프리텍,True,20260901,전환사채권발행결정,전환사채권발행결정,1
146320,비씨엔씨,False,,,,0
163730,핑거,True,20260928,전환사채권발행결정,"전환사채권발행결정, 타법인주식및출자증권양수결정, 유상증자결정",7
322310,오로스테크놀로지,False,,,,0
458650,성우,False,,,,0
211270,AP위성,False,,,,0
108230,톱텍,False,,,,0
049520,유아이엘,True,20260831,자기주식취득신탁계약체결결정,자기주식취득신탁계약체결결정,1
037070,파세코,False,,,,0
079430,현대리바트,False,,,,0
002620,제일파마홀딩스,False,,,,0
005800,신영와코루,True,20260807,유형자산양도결정,유형자산양도결정,1
048550,SM C&C,False,,,,0
052260,현대바이오랜드,False,,,,0
361390,제노코,False,,,,0
212560,네오오토,True,20260904,주식교환ㆍ이전결정,주식교환ㆍ이전결정,1
027710,팜스토리,False,,,,0
122450,KX,True,20260922,회사합병결정,회사합병결정,2
063570,NICE인프라,False,,,,0
021320,KCC건설,False,,,,0
299030,하나기술,False,,,,0
227840,현대코퍼레이션홀딩스,False,,,,0
228850,레이언스,False,,,,0
290740,액트로,False,,,,0
056090,시지메드텍,False,,,,0
478340,나라스페이스테크놀로지,False,,,,0
323990,박셀바이오,False,,,,0
255220,SG,True,20260901,유상증자결정,유상증자결정,1
451760,컨텍,False,,,,0
083420,그린케미칼,False,,,,0
001520,동양,False,,,,0
034590,인천도시가스,False,,,,0
041440,현대에버다임,False,,,,0
339950,아이비김영,False,,,,0
011280,태림포장,False,,,,0
036630,세종텔레콤,False,,,,0
053080,케이엔솔,False,,,,0
059120,아진엑스텍,False,,,,0
166480,코아스템켐온,False,,,,0
041590,플래스크,False,,,,0
238540,나노솔루션,False,,,,0
217270,넵튠,False,,,,0
259630,엠플러스,False,,,,0
417500,제이아이테크,True,20260814,유상증자결정,유상증자결정,1
078935,GS우,False,,,,0
073010,케이에스피,False,,,,0
366030,나인앤컴퍼니,False,,,,0
017550,수산세보틱스,False,,,,0
394420,리센스메디컬,False,,,,0
333430,일승,False,,,,0
158430,아톤,False,,,,0
013570,디와이,False,,,,0
002780,진흥기업,False,,,,0
092220,KEC,False,,,,0
106190,하이텍팜,False,,,,0
016710,대성홀딩스,False,,,,0
012320,경동인베스트,False,,,,0
014530,극동유화,False,,,,0
474170,루미르,False,,,,0
052860,아이앤씨,False,,,,0
017510,세명전기,False,,,,0
090850,현대이지웰,False,,,,0
051980,중앙첨단소재,False,,,,0
063170,서울옥션,False,,,,0
008970,KBI동양철관,False,,,,0
047310,파워로직스,False,,,,0
038540,상상인,True,20260930,자기주식취득신탁계약해지결정,자기주식취득신탁계약해지결정,1
054050,NH농우바이오,True,20261001,영업양수결정,영업양수결정,2
067900,와이엔텍,False,,,,0
004250,NPC,False,,,,0
256940,킵스파마,False,,,,0
010100,한국무브넥스,False,,,,0
037350,성도이엔지,False,,,,0
105330,케이엔더블유,False,,,,0
402490,그린리소스,False,,,,0
002460,HS화성,False,,,,0
023450,동남합성,False,,,,0
488280,에스투더블유,False,,,,0
387690,레메디,False,,,,0
141000,비아트론,False,,,,0
475230,엔알비,False,,,,0
311320,지오엘리먼트,False,,,,0
330350,위더스제약,False,,,,0
310200,애니플러스,True,20260929,자기주식취득신탁계약체결결정,자기주식취득신탁계약체결결정,1
021080,에이티넘인베스트,False,,,,0
018120,진로발효,False,,,,0
123040,엠에스오토텍,False,,,,0
011810,STX,True,20260930,유상증자결정,"유상증자결정, 감자결정",4
067990,도이치모터스,False,,,,0
001290,상상인증권,False,,,,0
493330,지에프아이,False,,,,0
051360,토비스,False,,,,0
297090,씨에스베어링,False,,,,0
012800,대창,False,,,,0
246710,티앤알바이오팹,False,,,,0
189330,씨이랩,False,,,,0
242040,나무에이엑스,False,,,,0
120240,대정화금,False,,,,0
101170,우림피티에스,False,,,,0
115500,케이씨에스,False,,,,0
014580,태경비케이,False,,,,0
053700,삼보모터스,False,,,,0
453450,그리드위즈,True,20260824,전환사채권발행결정,전환사채권발행결정,2
039340,한국경제TV,False,,,,0
248170,샘표식품,False,,,,0
059210,메타바이오메드,False,,,,0
100700,세운메디칼,False,,,,0
054920,한컴위드,False,,,,0
016740,두올,True,20260908,자기주식취득신탁계약체결결정,자기주식취득신탁계약체결결정,1
336680,탑런토탈솔루션,True,20260901,자기주식취득신탁계약체결결정,자기주식취득신탁계약체결결정,1
035000,HS애드,False,,,,0
109740,디에스케이,False,,,,0
120030,조선선재,False,,,,0
002450,삼익악기,False,,,,0
073560,우리손에프앤지,False,,,,0
123690,한국화장품,False,,,,0
079650,서산,False,,,,0
027970,한국제지,False,,,,0
039560,다산네트웍스,False,,,,0
267850,아시아나IDT,False,,,,0
006660,삼성공조,False,,,,0
006620,동구바이오제약,True,20260910,영업정지,영업정지,3
131030,옵투스제약,False,,,,0
008260,NI스틸,False,,,,0
474610,RF시스템즈,False,,,,0
009580,무림P&P,False,,,,0
071280,로체시스템즈,False,,,,0
264900,크라운제과,False,,,,0
053260,금강철강,False,,,,0
396470,워트,False,,,,0
074430,아미노로직스,True,20260911,제3자의전환사채매수선택권행사,"제3자의전환사채매수선택권행사, 전환사채매수선택권행사자지정",2
013700,까뮤이앤씨,False,,,,0
475580,에이럭스,False,,,,0
290720,푸드나무,True,20260804,유상증자결정,유상증자결정,1
070960,모나용평,False,,,,0
021820,세원정공,False,,,,0
119650,KC코트렐,False,,,,0
067830,세이브존I&C,False,,,,0
052420,오성첨단소재,True,20260915,타법인주식및출자증권양도결정,타법인주식및출자증권양도결정,1
298540,더네이쳐홀딩스,False,,,,0
246720,아스타,False,,,,0
006840,AK홀딩스,False,,,,0
042500,링네트,False,,,,0
362320,청담글로벌,False,,,,0
066590,스모트로닉,False,,,,0
352090,스톰테크,False,,,,0
091440,한울소재과학,False,,,,0
357880,SKAI,True,20260915,유상증자결정,유상증자결정,2
309960,LB인베스트먼트,False,,,,0
012200,계양전기,True,20260918,유형자산양도결정,"유형자산양도결정, 유상증자결정",3
042510,라온시큐어,True,20260804,자기주식취득신탁계약해지결정,자기주식취득신탁계약해지결정,1
088130,동아엘텍,False,,,,0
235980,메드팩토,False,,,,0
066790,씨씨에스,False,,,,0
014790,HL D&I,False,,,,0
036220,오상헬스케어,False,,,,0
040350,크레오에스지,False,,,,0
068240,다원시스,False,,,,0
005860,한일사료,False,,,,0
032560,황금에스티,False,,,,0
083500,에프엔에스테크,False,,,,0
002230,피에스텍,False,,,,0
086710,선진뷰티사이언스,False,,,,0
250060,모비스,False,,,,0
255440,야스,False,,,,0
217820,원익피앤이,False,,,,0
417310,코람코더원리츠,False,,,,0
307930,컴퍼니케이,False,,,,0
452190,한빛레이저,False,,,,0
004100,태양금속,False,,,,0
017650,대림제지,False,,,,0
049950,미래컴퍼니,False,,,,0
125210,아모그린텍,False,,,,0
380550,뉴로핏,False,,,,0
007210,벽산,False,,,,0
040300,YTN,False,,,,0
307870,비투엔,False,,,,0
008700,아남전자,False,,,,0
019180,티에이치엔,False,,,,0
348350,위드텍,False,,,,0
432470,케이엔에스,False,,,,0
014440,영보화학,False,,,,0
419050,삼기에너지솔루션즈,False,,,,0
109610,에스와이,False,,,,0
205100,엑셈,True,20260918,자기주식취득결정,자기주식취득결정,1
013310,아진산업,False,,,,0
036580,팜스코,False,,,,0
351320,넥사다이내믹스,True,20260921,전환사채권발행결정,"전환사채권발행결정, 소송등의제기, 자기전환사채만기전취득결정, 유상증자결정, 타법인주식및출자증권양수결정",13
008040,사조동아원,False,,,,0
053350,이니텍,False,,,,0
023900,풍국주정,False,,,,0
187790,나노,False,,,,0
036010,아비코전자,False,,,,0
058820,CMG제약,False,,,,0
443670,에스피소프트,False,,,,0
182360,큐브엔터,True,20260831,유상증자결정,유상증자결정,1
078140,대봉엘에스,False,,,,0
058850,KTcs,False,,,,0
040420,정상제이엘에스,False,,,,0
025620,차AI헬스케어,False,,,,0
107600,새빗켐,False,,,,0
053580,웹케시,False,,,,0
282720,금양그린파워,False,,,,0
001275,부국증권우,False,,,,0
002200,한국수출포장,False,,,,0
306620,지아이에스,True,20260928,자기신주인수권부사채만기전취득결정,자기신주인수권부사채만기전취득결정,1
950130,엑세스바이오,False,,,,0
093920,서원인텍,False,,,,0
129920,대성하이텍,False,,,,0
047560,이스트소프트,False,,,,0
063080,컴투스홀딩스,False,,,,0
357230,에이치피오,False,,,,0
226400,오스테오닉,False,,,,0
058860,KTis,False,,,,0
317770,엑스페릭스,True,20260911,전환사채권발행결정,전환사채권발행결정,3
363280,티와이홀딩스,False,,,,0
004890,동일산업,False,,,,0
099750,이지케어텍,False,,,,0
413390,엠오티,True,20260903,자기주식취득신탁계약해지결정,자기주식취득신탁계약해지결정,2
096240,크레버스,True,20260828,유형자산양도결정,유형자산양도결정,1
009300,삼아제약,False,,,,0
263720,디앤씨미디어,True,20260814,자기주식취득신탁계약해지결정,자기주식취득신탁계약해지결정,1
209640,와이제이링크,False,,,,0
156100,엘앤케이바이오,False,,,,0
029480,광무,True,20260909,타법인주식및출자증권양수결정,타법인주식및출자증권양수결정,1
950220,네오이뮨텍,False,,,,0
330730,스톤브릿지벤처스,False,,,,0
172670,에이엘티,False,,,,0
139990,아주스틸,False,,,,0
048530,인트론바이오,False,,,,0
001020,페이퍼코리아,False,,,,0
322180,LS티라유텍,False,,,,0
023000,삼원강재,False,,,,0
289930,웨이비스,False,,,,0
004140,동방,True,20260820,전환사채권발행결정,전환사채권발행결정,1
006090,사조오양,False,,,,0
025950,동신건설,False,,,,0
032300,한국파마,False,,,,0
004650,창해에탄올,False,,,,0
102370,케이옥션,False,,,,0
478560,블랙야크아이앤씨,False,,,,0
130580,나이스디앤비,True,20260907,자기주식취득신탁계약체결결정,자기주식취득신탁계약체결결정,1
072020,중앙백신,False,,,,0
149980,하이로닉,False,,,,0
023800,인지컨트롤스,False,,,,0
044990,에이치엔에스하이텍,False,,,,0
033290,로젠,False,,,,0
089230,THE E&M,True,20260930,자기전환사채매도결정,자기전환사채매도결정,2
079810,APS이노베이션,True,20260818,타법인주식및출자증권양수결정,타법인주식및출자증권양수결정,2
054540,삼영엠텍,False,,,,0
045970,코아시아,False,,,,0
066980,한성크린텍,False,,,,0
282620,기도산업,False,,,,0
096775,SK이노베이션우,True,20260826,회사합병결정,회사합병결정,2
005740,크라운해태홀딩스,False,,,,0
004770,써니전자,False,,,,0
086960,MDS테크,False,,,,0
091120,이엠텍,False,,,,0
418470,KT밀리의서재,False,,,,0
302550,리메드,True,20260804,자기주식취득신탁계약체결결정,"자기주식취득신탁계약체결결정, 자기주식취득신탁계약해지결정",2
049180,셀루메드,False,,,,0
223250,드림씨아이에스,False,,,,0
900300,오가닉티코스메틱,True,20260820,유상증자결정,유상증자결정,1
183490,엔지켐생명과학,False,,,,0
950250,테라뷰,False,,,,0
067000,조이시티,False,,,,0
066430,아이로보틱스,False,,,,0
111380,동인기연,False,,,,0
215100,로보로보,False,,,,0
019550,SBI인베스트먼트,False,,,,0
038110,에코플라스틱,False,,,,0
217190,제너셈,False,,,,0
104460,디와이피엔에프,False,,,,0
137950,제이씨케미칼,False,,,,0
002600,조흥,False,,,,0
040910,아이씨디,False,,,,0
037030,파워넷,False,,,,0
131370,알서포트,False,,,,0
487400,케이앤에스아이앤씨,False,,,,0
004840,DRB동일,False,,,,0
185490,아이진,False,,,,0
054670,대한뉴팜,False,,,,0
101330,모베이스,False,,,,0
201490,미투온,True,20260915,유상증자결정,유상증자결정,1
109070,주성코퍼레이션,True,20260917,유상증자결정,"유상증자결정, 전환사채권발행결정, 영업양수결정",7
234300,에스트래픽,True,20260929,영업양수결정,"영업양수결정, 자기주식취득신탁계약체결결정",3
007980,TP,True,20260806,자기주식취득신탁계약체결결정,자기주식취득신탁계약체결결정,1
175250,아이큐어,True,20260903,유상증자결정,유상증자결정,7
487580,폴레드,False,,,,0
0017J0,세미티에스,False,,,,0
000105,유한양행우,False,,,,0
105740,디케이락,False,,,,0
412540,제일엠앤에스,False,,,,0
069730,DSR제강,False,,,,0
337930,젝시믹스,True,20260827,자기주식취득신탁계약해지결정,자기주식취득신탁계약해지결정,1
037760,쎄니트,False,,,,0
036640,HRS,True,20260810,유형자산양도결정,"유형자산양도결정, 유형자산양수결정",2
040160,누리플렉스,False,,,,0
013360,일성건설,False,,,,0
065450,빅텍,False,,,,0
055490,테이팩스,False,,,,0
002220,한일철강,False,,,,0
090470,제이스로보틱스,False,,,,0
019680,대교,True,20260804,자기주식처분결정,자기주식처분결정,2
451250,삐아,True,20260908,자기주식취득신탁계약해지결정,자기주식취득신탁계약해지결정,1
246960,SCL사이언스,False,,,,0
214680,디알텍,False,,,,0
003580,HLB글로벌,True,20260914,전환사채권발행결정,"전환사채권발행결정, 회사합병결정, 자본으로인정되는채무증권발행결정",5
033560,블루콤,False,,,,0
100130,동국S&C,False,,,,0
038680,에스넷,False,,,,0
009180,한솔로지스틱스,False,,,,0
299660,셀리드,True,20260922,유상증자결정,유상증자결정,3
320000,한울반도체,True,20260930,유상증자결정,유상증자결정,4
163560,동일고무벨트,False,,,,0
381620,제닉스로보틱스,False,,,,0
066700,테라젠이텍스,False,,,,0
053280,예스24,False,,,,0
084680,이월드,False,,,,0
058400,KNN,False,,,,0
124560,태웅로직스,False,,,,0
078890,가온그룹,False,,,,0
012700,리드코프,False,,,,0
005750,대림바스,False,,,,0
382840,원준,False,,,,0
115440,우리넷,False,,,,0
048910,대원미디어,False,,,,0
371950,풍원정밀,True,20260814,유상증자결정,유상증자결정,1
251120,바이오에프디엔씨,False,,,,0
0011A0,액스비스,False,,,,0
463020,뉴엔AI,False,,,,0
302430,이노메트리,True,20260813,자기주식취득신탁계약해지결정,자기주식취득신탁계약해지결정,1
000850,화천기공,False,,,,0
015590,DKME,False,,,,0
007820,엠엑스로보틱스,True,20260810,유상증자결정,유상증자결정,1
065510,휴비츠,True,20260826,회사합병결정,회사합병결정,2
347890,엠엑스온,False,,,,0
088390,이녹스,False,,,,0
900260,로스웰,False,,,,0
091590,남화토건,False,,,,0
0117P0,피스피스스튜디오,False,,,,0
338220,뷰노,True,20260929,유상증자결정,유상증자결정,2
011700,한신기계,False,,,,0
011370,서한,True,20260811,신주인수권부사채권발행결정,신주인수권부사채권발행결정,1
0155E0,해치텍,False,,,,0
063160,종근당바이오,False,,,,0
058630,엠게임,False,,,,0
263800,데이타솔루션,False,,,,0
000590,CS홀딩스,False,,,,0
045660,에이텍,False,,,,0
205470,휴마시스,False,,,,0
094860,네오리진,False,,,,0
052460,아이크래프트,False,,,,0
007590,동방아그로,False,,,,0
228670,레이,False,,,,0
073640,테라사이언스,True,20260930,유상증자결정,"유상증자결정, 타법인주식및출자증권양도결정, 유형자산양도결정, 회생절차개시신청",7
013870,지엠비코리아,False,,,,0
290660,다이나믹솔루션,False,,,,0
475430,키스트론,False,,,,0
039980,폴라리스AI,False,,,,0
047820,초록뱀미디어,False,,,,0
024880,케이피에프,False,,,,0
365330,에스와이스틸텍,False,,,,0
067370,선바이오,False,,,,0
004590,한국가구,True,20260914,자기주식취득신탁계약체결결정,자기주식취득신탁계약체결결정,1
225530,HC보광산업,False,,,,0
041930,SY동아,False,,,,0
265560,영화테크,False,,,,0
060590,씨티씨바이오,False,,,,0
208140,정다운,False,,,,0
140070,서플러스글로벌,False,,,,0
001260,남광토건,False,,,,0
000230,일동홀딩스,True,20260930,풋백옵션등계약체결결정,풋백옵션등계약체결결정,2
457600,벡트,True,20260929,유상증자결정,유상증자결정,2
277880,티에스아이,False,,,,0
080010,이상네트웍스,False,,,,0
010960,삼호개발,False,,,,0
014160,대영포장,False,,,,0
204840,지엘팜텍,False,,,,0
128660,피제이메탈,False,,,,0
170030,현대공업,False,,,,0
417790,트루엔,False,,,,0
173130,오파스넷,False,,,,0
294630,서남,False,,,,0
389030,지니너스,False,,,,0
212710,아이에스티이,False,,,,0
142280,녹십자엠에스,False,,,,0
011320,유니크,True,20260813,자기주식처분결정,자기주식처분결정,1
084730,팅크웨어,False,,,,0
085670,뉴프렉스,False,,,,0
076610,해성옵틱스,False,,,,0
011150,CJ씨푸드,False,,,,0
389140,포바이포,False,,,,0
004720,팜젠사이언스,False,,,,0
214260,라파스,False,,,,0
020710,시공테크,False,,,,0
054040,한국컴퓨터,False,,,,0
061250,화일약품,True,20260915,전환사채권발행결정,"전환사채권발행결정, 유상증자결정",2
303810,동국생명과학,False,,,,0
019540,일지테크,False,,,,0
017480,삼현철강,False,,,,0
0218L0,네오뷰,False,,,,0
261780,아리바이오랩,True,20260928,전환사채권발행결정,"전환사채권발행결정, 유상증자결정",6
012790,신일제약,False,,,,0
253840,수젠텍,False,,,,0
360070,탑머티리얼,False,,,,0
000440,중앙에너비스,False,,,,0
067170,오텍,False,,,,0
217330,싸이토젠,False,,,,0
002720,국제약품,False,,,,0
095720,웅진씽크빅,False,,,,0
052900,KX하이텍,True,20260819,전환사채권발행결정,전환사채권발행결정,1
000180,성창기업지주,False,,,,0
064800,포니링크,False,,,,0
007610,선도전기,False,,,,0
041910,폴라리스AI파마,False,,,,0
377480,마음AI,False,,,,0
030960,양지사,False,,,,0
033130,디지틀조선,False,,,,0
0156T0,에이치엘지노믹스,False,,,,0
058730,다스코,False,,,,0
171120,라이온켐텍,False,,,,0
338100,NH프라임리츠,False,,,,0
234920,자이글,False,,,,0
084670,동양고속,False,,,,0
234030,싸이닉솔루션,False,,,,0
332370,아이디피,False,,,,0
031820,아이티센씨티에스,True,20260831,전환사채권발행결정,전환사채권발행결정,1
002795,아모레퍼시픽홀딩스우,False,,,,0
0015S0,페스카로,False,,,,0
067570,엔브이에이치코리아,False,,,,0
456570,아이엠지티,False,,,,0
092040,아미코젠,True,20260804,유상증자결정,유상증자결정,1
002800,신신제약,False,,,,0
331380,포커스에이아이,False,,,,0
347000,센코,False,,,,0
024830,세원물산,False,,,,0
153710,옵티팜,False,,,,0
155660,DSR,False,,,,0
010280,아이티센엔텍,False,,,,0
085310,엔케이,False,,,,0
120115,코오롱인더우,True,20260917,자본으로인정되는채무증권발행결정,자본으로인정되는채무증권발행결정,1
457370,한켐,False,,,,0
054620,APS,True,20260805,전환사채권발행결정,전환사채권발행결정,1
006140,피제이전자,False,,,,0
096350,대창솔루션,False,,,,0
388870,파로스아이바이오,False,,,,0
365660,레몬헬스케어,False,,,,0
096250,와이즈넛,False,,,,0
001560,제일연마,False,,,,0
451220,아이엠티,True,20260820,전환사채권발행결정,전환사채권발행결정,1
137080,나래나노텍,False,,,,0
009770,삼정펄프,False,,,,0
043610,KT지니뮤직,False,,,,0
079980,휴비스,False,,,,0
950200,소마젠,False,,,,0
196490,디에이테크놀로지,False,,,,0
221800,지구홀딩스,False,,,,0
225190,LK삼양,False,,,,0
036000,예림당,True,20260824,타법인주식및출자증권양수결정,타법인주식및출자증권양수결정,1
066310,큐에스아이,True,20260909,자기주식취득신탁계약체결결정,자기주식취득신탁계약체결결정,1
179530,애드바이오텍,True,20260903,전환사채권발행결정,"전환사채권발행결정, 자기전환사채매도결정, 타법인주식및출자증권양수결정",12
331740,아우토크립트,False,,,,0
048430,유라테크,False,,,,0
014950,삼익제약,False,,,,0
038460,바이오스마트,False,,,,0
002700,신일전자,True,20260929,자기주식취득결정,자기주식취득결정,1
110790,크리스에프앤씨,False,,,,0
460940,피앤에스로보틱스,False,,,,0
049550,잉크테크,False,,,,0
168330,내츄럴엔도텍,False,,,,0
024740,한일단조,False,,,,0
004440,삼일씨엔에스,False,,,,0
104040,디에스엠,False,,,,0
072950,빛샘전자,False,,,,0
018500,동원모빌리티,False,,,,0
041460,한국전자인증,False,,,,0
210980,SK디앤디,True,20260831,유상증자결정,유상증자결정,1
303360,프로티아,True,20260929,무상증자결정,무상증자결정,1
100030,인지소프트,True,20260803,자기주식취득결정,자기주식취득결정,1
162300,신스틸,False,,,,0
007280,한국특강,False,,,,0
026150,특수건설,True,20260923,전환사채권발행결정,전환사채권발행결정,2
222110,팬젠,False,,,,0
417970,모델솔루션,False,,,,0
270520,앱튼,False,,,,0
017370,우신시스템,False,,,,0
412350,레이저쎌,False,,,,0
396270,넥스트칩,False,,,,0
109860,동일금속,False,,,,0
081150,티플랙스,True,20260828,자기주식처분결정,자기주식처분결정,1
123420,위메이드플레이,False,,,,0
241690,유니테크노,False,,,,0
049080,기가레인,False,,,,0
004780,대륙제관,True,20260811,자기주식취득신탁계약해지결정,자기주식취득신탁계약해지결정,1
014970,삼륭물산,False,,,,0
061040,알에프텍,True,20260804,회사합병결정,회사합병결정,1
483350,딜리셔스,False,,,,0
175140,아고스,False,,,,0
208370,셀바스헬스케어,False,,,,0
064240,홈캐스트,False,,,,0
010040,한국내화,False,,,,0
032850,비트컴퓨터,True,20260917,자기주식취득결정,자기주식취득결정,1
111710,남화산업,False,,,,0
411080,샌즈랩,False,,,,0
039010,현대에이치티,False,,,,0
214330,금호에이치티,False,,,,0
083790,CG인바이츠,False,,,,0
0007J0,인벤테라,False,,,,0
439580,블루엠텍,False,,,,0
424960,스마트레이더시스템,False,,,,0
016090,대현,False,,,,0
032540,TJ미디어,False,,,,0
065170,비엘팜텍,False,,,,0
382480,지아이텍,False,,,,0
122350,삼기,False,,,,0
068290,삼성출판사,False,,,,0
100220,비상교육,False,,,,0
005870,휴니드,False,,,,0
216050,인크로스,False,,,,0
009200,무림페이퍼,False,,,,0
039420,케이엘넷,False,,,,0
456070,이엔셀,False,,,,0
136150,원일티엔아이,False,,,,0
010240,흥국,False,,,,0
005670,푸드웰,True,20260922,자기주식처분결정,자기주식처분결정,1
010660,화천기계,False,,,,0
420570,제이투케이바이오,False,,,,0
043650,국순당,False,,,,0
147760,피엠티,False,,,,0
448710,코츠테크놀로지,False,,,,0
001840,이화공영,False,,,,0
187420,HLB제넥스,False,,,,0
059270,해성에어로보틱스,False,,,,0
294090,이오플로우,True,20260930,유상증자결정,"유상증자결정, 전환사채권발행결정, 자본으로인정되는채무증권발행결정",8
000220,유유제약,False,,,,0
071090,하이스틸,False,,,,0
318160,셀바이오휴먼텍,False,,,,0
082210,옵트론텍,True,20260928,제3자의전환사채매수선택권행사,"제3자의전환사채매수선택권행사, 전환사채매수선택권행사자지정",2
443250,레뷰코퍼레이션,True,20260821,타법인주식및출자증권양수결정,타법인주식및출자증권양수결정,1
054300,팬스타엔터프라이즈,False,,,,0
002760,보락,False,,,,0
155650,와이엠씨,False,,,,0
049470,비트플래닛,True,20260828,유형자산양수결정,유형자산양수결정,2
094850,참좋은여행,False,,,,0
0004V0,엔비알모션,True,20260915,전환사채권발행결정,"전환사채권발행결정, 전환사채매수선택권행사자지정",3
039020,이건홀딩스,False,,,,0
203400,에이비온,False,,,,0
060310,3S,False,,,,0
006890,태경케미컬,False,,,,0
044340,위닉스,False,,,,0
072130,유엔젤,False,,,,0
008370,원풍,False,,,,0
016250,SGC E&C,False,,,,0
323350,다원넥스뷰,False,,,,0
291230,컴투스엔,False,,,,0
396690,미래에셋글로벌리츠,False,,,,0
009190,대양금속,True,20260831,유상증자결정,"유상증자결정, 전환사채권발행결정",4
357580,아모센스,False,,,,0
014990,인디에프,False,,,,0
214270,FSN,False,,,,0
060570,드림어스컴퍼니,False,,,,0
014470,부방,False,,,,0
066670,디티씨,False,,,,0
053620,태양,False,,,,0
191420,테고사이언스,False,,,,0
370090,퓨런티어,False,,,,0
089850,유비벨록스,False,,,,0
228340,동양파일,False,,,,0
033320,제이씨현시스템,False,,,,0
241790,티이엠씨씨엔에스,True,20260831,자기주식취득신탁계약체결결정,자기주식취득신탁계약체결결정,1
067920,이글루,False,,,,0
100590,머큐리,True,20260818,유형자산양도결정,유형자산양도결정,1
215360,우리산업,False,,,,0
003310,대주산업,False,,,,0
419080,엔젯,False,,,,0
039610,화성밸브,False,,,,0
049480,오픈베이스,False,,,,0
460870,에스엠씨지,False,,,,0
053160,프리엠스,False,,,,0
408470,한패스,False,,,,0
352910,오비고,False,,,,0
263600,덕우전자,False,,,,0
095270,웨이브일렉트로,False,,,,0
321370,센서뷰,True,20260811,유상증자결정,유상증자결정,1
001465,BYC우,True,20260805,자기주식취득신탁계약체결결정,자기주식취득신탁계약체결결정,1
111110,호전실업,False,,,,0
045340,토탈소프트,True,20260807,자기주식취득신탁계약체결결정,"자기주식취득신탁계약체결결정, 자기주식취득신탁계약해지결정",2
092440,기신정기,False,,,,0
250030,진코스텍,True,20260928,유상증자결정,유상증자결정,2
037440,희림,False,,,,0
333620,엔시스,True,20261001,전환사채권발행결정,전환사채권발행결정,1
126880,제이엔케이글로벌,False,,,,0
099520,DGI,False,,,,0
464490,쿼드메디슨,False,,,,0
229500,노브메타파마,False,,,,0
273640,와이엠텍,False,,,,0
263690,디알젬,False,,,,0
348150,고바이오랩,False,,,,0
024910,경창산업,False,,,,0
033310,엠투엔,False,,,,0
378850,화승알앤에이,False,,,,0
024950,삼천리자전거,True,20260814,자기주식취득결정,자기주식취득결정,1
001550,조비,False,,,,0
004450,삼화왕관,False,,,,0
179900,유티아이,True,20260813,전환사채권발행결정,"전환사채권발행결정, 자기주식취득결정, 유상증자결정",4
000950,전방,False,,,,0
010470,오리콤,False,,,,0
050960,수산아이앤티,False,,,,0
033230,인성정보,False,,,,0
129260,인터지스,False,,,,0
007370,진양제약,False,,,,0
065530,와이어블,False,,,,0
459100,위츠,False,,,,0
036120,서울평가정보,False,,,,0
062970,한국첨단소재,True,20260902,전환사채권발행결정,"전환사채권발행결정, 유상증자결정",4
251630,브이원텍,False,,,,0
075180,새론오토모티브,False,,,,0
007815,코리아써우,False,,,,0
294140,레몬,False,,,,0
003925,남양유업우,False,,,,0
070300,퀀텀레일,True,20260930,타법인주식및출자증권양도결정,"타법인주식및출자증권양도결정, 전환사채권발행결정",2
043710,코스리거글로벌,True,20260804,자기전환사채만기전취득결정,자기전환사채만기전취득결정,1
053270,구영테크,False,,,,0
027050,코리아나,False,,,,0
036090,위지트,False,,,,0
012690,모나리자,False,,,,0
459550,알트,False,,,,0
000725,현대건설우,False,,,,0
347860,알체라,False,,,,0
226340,본느,True,20260917,유상증자결정,"유상증자결정, 소송등의제기, 전환사채권발행결정",15
101140,인바이오젠,False,,,,0
054930,유신,False,,,,0
094940,푸른로보틱스,False,,,,0
024900,디와이덕양,False,,,,0
053050,지에스이,False,,,,0
117670,알파칩스,False,,,,0
003475,유안타증권우,False,,,,0
340930,성원에너텍,True,20260804,유상증자결정,유상증자결정,3
020760,일진디스플,False,,,,0
025550,한국선재,False,,,,0
262260,에이프로,True,20260929,유형자산양수결정,유형자산양수결정,1
036670,삼양케이씨아이,False,,,,0
435570,에르코스,False,,,,0
452400,이닉스,False,,,,0
347740,피엔케이피부임상연구센타,False,,,,0
217480,에스디생명공학,False,,,,0
291650,츌립앤사이언스,False,,,,0
040610,SG&G,False,,,,0
453860,에이에스텍,False,,,,0
097800,윈팩,False,,,,0
238090,앤디포스,True,20260930,자기전환사채만기전취득결정,자기전환사채만기전취득결정,1
105760,포스뱅크,False,,,,0
288180,케이피항공산업,False,,,,0
314140,알피바이오,False,,,,0
025530,SJM홀딩스,False,,,,0
090080,평화산업,False,,,,0
046940,우원개발,False,,,,0
021050,서원,False,,,,0
104620,노랑풍선,False,,,,0
170790,파이오링크,False,,,,0
007460,에이프로젠,True,20260921,전환사채권발행결정,전환사채권발행결정,5
042110,에스씨디,False,,,,0
104540,코렌텍,False,,,,0
011390,부산산업,False,,,,0
088910,동우팜투테이블,False,,,,0
002140,고려산업,False,,,,0
311690,CJ 바이오사이언스,False,,,,0
192250,케이사인,False,,,,0
004830,덕성,False,,,,0
003465,유화증권우,False,,,,0
002410,범양건영,False,,,,0
340810,시선AI,True,20260921,전환사채권발행결정,"전환사채권발행결정, 자기전환사채만기전취득결정, 유상증자결정",5
010770,평화홀딩스,False,,,,0
123700,SJM,False,,,,0
246690,TS인베스트먼트,False,,,,0
006880,신송홀딩스,True,20260917,자기주식취득결정,자기주식취득결정,1
260930,씨티케이,False,,,,0
092300,현우산업,False,,,,0
005305,롯데칠성우,False,,,,0
039240,경남스틸,False,,,,0
056360,코위버,False,,,,0
299170,더블유에스아이,False,,,,0
015710,코콤,False,,,,0
023810,인팩,False,,,,0
046210,HLB파나진,False,,,,0
372910,한컴라이프케어,False,,,,0
003780,진양산업,False,,,,0
256630,포인트엔지니어링,False,,,,0
071670,에이테크솔루션,False,,,,0
006125,SK디스커버리우,True,20260907,자기주식취득신탁계약해지결정,자기주식취득신탁계약해지결정,1
315640,딥노이드,False,,,,0
376290,씨유테크,True,20260907,자기주식취득신탁계약해지결정,자기주식취득신탁계약해지결정,1
393970,대진첨단소재,True,20261001,회사합병결정,회사합병결정,1
391710,코닉오토메이션,True,20260921,유형자산양수결정,유형자산양수결정,2
217500,러셀,False,,,,0
317690,퀀타매트릭스,False,,,,0
089790,제이티,False,,,,0
027830,대성창투,False,,,,0
219550,디와이디,False,,,,0
122310,제노레이,False,,,,0
317530,에피소드컴퍼니,True,20260918,타법인주식및출자증권양도결정,타법인주식및출자증권양도결정,1
060560,HC홈센타,False,,,,0
463480,모티브링크,False,,,,0
002630,오리엔트바이오,False,,,,0
038010,제일테크노스,False,,,,0
027740,마니커,False,,,,0
004410,서울식품,False,,,,0
011230,삼화전자,False,,,,0
340360,다보링크,True,20261001,유상증자결정,"유상증자결정, 전환사채권발행결정",12
382150,온코크로스,True,20260918,자기전환사채만기전취득결정,자기전환사채만기전취득결정,1
317830,에스피시스템스,False,,,,0
0013V0,삼진식품,True,20260916,신주인수권부사채권발행결정,신주인수권부사채권발행결정,1
019990,에너토크,False,,,,0
037950,엘컴텍,False,,,,0
006980,우성,True,20260909,회사합병결정,"회사합병결정, 자기주식처분결정",3
011000,진원생명과학,True,20260930,유상증자결정,유상증자결정,4
053980,오상자이엘,False,,,,0
068330,일신바이오,False,,,,0
041650,상신브레이크,False,,,,0
004920,씨아이테크,False,,,,0
163280,에어레인,False,,,,0
440290,HB인베스트먼트,False,,,,0
063440,SM Life Design,True,20260917,자기주식취득신탁계약체결결정,자기주식취득신탁계약체결결정,1
001620,케이비아이동국실업,False,,,,0
199550,레이저옵텍,False,,,,0
080720,한국유니온제약,True,20260819,유상증자결정,"유상증자결정, 감자결정",5
082660,코스나인,False,,,,0
009320,아진전자부품,False,,,,0
059100,아이컴포넌트,False,,,,0
418250,시큐레터,False,,,,0
109080,옵티시스,False,,,,0
357250,미래에셋맵스리츠,False,,,,0
286750,나노실리칸첨단소재,False,,,,0
094970,제이엠티,False,,,,0
198080,캐프,False,,,,0
145170,노브랜드,True,20260821,자기주식처분결정,자기주식처분결정,1
317850,대모,False,,,,0
050120,ES큐브,False,,,,0
189980,흥국에프엔비,False,,,,0
023440,제이스코홀딩스,False,,,,0
131400,이브이첨단소재,True,20260914,유상증자결정,유상증자결정,2
000910,유니온,False,,,,0
317870,엔바이오니아,False,,,,0
261520,이지스,True,20260831,자기주식취득신탁계약체결결정,자기주식취득신탁계약체결결정,1
053450,세코닉스,False,,,,0
065130,탑엔지니어링,False,,,,0
084870,TBH글로벌,False,,,,0
033340,좋은사람들,False,,,,0
007110,일신석재,False,,,,0
480370,씨케이솔루션,False,,,,0
002920,유성기업,False,,,,0
143540,영우디에스피,False,,,,0
321260,프로이천,False,,,,0
162120,루켄테크놀러지스,False,,,,0
361570,알비더블유,False,,,,0
384470,코어라인소프트,False,,,,0
069460,대호에이엘,False,,,,0
099410,동방선기,False,,,,0
022220,티케이지애강,False,,,,0
004910,조광페인트,False,,,,0
290670,대보마그네틱,False,,,,0
004540,깨끗한나라,False,,,,0
129890,앱코,False,,,,0
072470,우리산업홀딩스,False,,,,0
471820,셀로맥스사이언스,False,,,,0
136410,아셈스,False,,,,0
114450,그린생명과학,False,,,,0
277070,린드먼아시아,True,20260819,자기주식취득신탁계약체결결정,자기주식취득신탁계약체결결정,1
476040,오가노이드사이언스,False,,,,0
052790,액토즈소프트,False,,,,0
014910,성문전자,False,,,,0
004060,SG세계물산,False,,,,0
007680,대원,False,,,,0
122830,원포유,True,20260910,회사합병결정,회사합병결정,2
227950,엔투텍,True,20260922,전환사채권발행결정,전환사채권발행결정,10
