code,name,sector_ticker,sector_name,sample_sufficient
005930,삼성전자,1013,전기전자,True
000660,SK하이닉스,1013,전기전자,True
005935,삼성전자우,,,False
402340,SK스퀘어,1021,금융,True
009150,삼성전기,1013,전기전자,True
373220,LG에너지솔루션,1013,전기전자,True
005380,현대차,1015,운송장비·부품,True
207940,삼성바이오로직스,1009,제약,True
028260,삼성물산,1016,유통,True
032830,삼성생명,1021,금융,True
105560,KB금융,1021,금융,True
012450,한화에어로스페이스,1015,운송장비·부품,True
055550,신한지주,1021,금융,True
034020,두산에너빌리티,1012,기계·장비,True
000270,기아,1015,운송장비·부품,True
329180,HD현대중공업,1015,운송장비·부품,True
006400,삼성SDI,1013,전기전자,True
068270,셀트리온,1009,제약,True
034730,SK,1021,금융,True
012330,현대모비스,1015,운송장비·부품,True
086790,하나금융지주,1021,금융,True
066570,LG전자,1013,전기전자,True
035420,NAVER,1046,IT 서비스,True
010120,LS ELECTRIC,1013,전기전자,True
000810,삼성화재,1021,금융,True
267260,HD현대일렉트릭,1013,전기전자,True
298040,효성중공업,1013,전기전자,True
005490,POSCO홀딩스,1011,금속,True
042660,한화오션,1015,운송장비·부품,True
010130,고려아연,1011,금속,True
316140,우리금융지주,1021,금융,True
009540,HD한국조선해양,1021,금융,True
096770,SK이노베이션,1008,화학,True
138040,메리츠금융지주,1021,금융,True
196170,알테오젠,2012,일반서비스,True
015760,한국전력,1017,전기·가스,True
042700,한미반도체,1012,기계·장비,True
017670,SK텔레콤,1020,통신,True
011200,HMM,1019,운송·창고,True
051910,LG화학,1008,화학,True
000150,두산,1013,전기전자,True
018260,삼성에스디에스,1046,IT 서비스,True
006800,미래에셋증권,1021,금융,True
010140,삼성중공업,1015,운송장비·부품,True
003550,LG,1021,금융,True
033780,KT&G,1005,음식료·담배,True
267250,HD현대,1021,금융,True
010950,S-Oil,1008,화학,True
003670,포스코퓨처엠,1013,전기전자,True
024110,기업은행,1021,금융,True
278470,에이피알,1008,화학,True
035720,카카오,1046,IT 서비스,True
086280,현대글로비스,1019,운송·창고,True
079550,LIG디펜스앤에어로스페이스,1011,금속,True
064350,현대로템,1015,운송장비·부품,True
011070,LG이노텍,1013,전기전자,True
030200,KT,1020,통신,True
000720,현대건설,1018,건설,True
272210,한화시스템,1013,전기전자,True
005830,DB손해보험,1021,금융,True
047810,한국항공우주,1015,운송장비·부품,True
086520,에코프로,2031,금융,True
078930,GS,1021,금융,True
247540,에코프로비엠,2024,제조,True
003230,삼양식품,1005,음식료·담배,True
307950,현대오토에버,1046,IT 서비스,True
071050,한국금융지주,1021,금융,True
003490,대한항공,1019,운송·창고,True
259960,크래프톤,1046,IT 서비스,True
323410,카카오뱅크,1021,금융,True
005940,NH투자증권,1021,금융,True
047050,포스코인터내셔널,1016,유통,True
006260,LS,1021,금융,True
0126Z0,삼성에피스홀딩스,1021,금융,True
443060,HD현대마린솔루션,1026,일반서비스,True
028050,삼성E&A,1026,일반서비스,True
277810,레인보우로보틱스,2024,제조,True
180640,한진칼,1021,금융,True
090430,아모레퍼시픽,1008,화학,True
161390,한국타이어앤테크놀로지,1008,화학,True
007660,이수페타시스,1013,전기전자,True
036930,주성엔지니어링,2024,제조,True
016360,삼성증권,1021,금융,True
352820,하이브,1047,오락·문화,True
009830,한화솔루션,1008,화학,True
039490,키움증권,1021,금융,True
064400,LG씨엔에스,1046,IT 서비스,True
326030,SK바이오팜,1026,일반서비스,True
021240,코웨이,1026,일반서비스,True
047040,대우건설,1018,건설,True
000880,한화,1008,화학,True
005387,현대차2우B,,,False
032640,LG유플러스,1020,통신,True
128940,한미약품,1009,제약,True
267270,HD건설기계,1012,기계·장비,True
377300,카카오페이,1021,금융,True
000500,가온전선,1013,전기전자,True
000100,유한양행,1009,제약,True
062040,산일전기,1013,전기전자,True
241560,두산밥캣,1012,기계·장비,True
001440,대한전선,1013,전기전자,True
353200,대덕전자,1013,전기전자,True
175330,JB금융지주,1021,금융,True
240810,원익IPS,2024,제조,True
066970,엘앤에프,1013,전기전자,True
029780,삼성카드,1021,금융,True
088350,한화생명,1021,금융,True
271560,오리온,1005,음식료·담배,True
058470,리노공업,2024,제조,True
010060,OCI홀딩스,1021,금융,True
039030,이오테크닉스,2024,제조,True
036570,NC,1046,IT 서비스,True
088980,맥쿼리인프라,1021,금융,True
222800,심텍,2024,제조,True
138930,BNK금융지주,1021,금융,True
034220,LG디스플레이,1013,전기전자,True
051900,LG생활건강,1008,화학,True
001450,현대해상,1021,금융,True
028300,HLB,2024,제조,True
454910,두산로보틱스,1012,기계·장비,True
005385,현대차우,,,False
011790,SKC,1008,화학,True
214450,파마리서치,2024,제조,True
002380,KCC,1008,화학,True
052690,한전기술,1026,일반서비스,True
403870,HPSP,2024,제조,True
004170,신세계,1016,유통,True
004020,현대제철,1011,금속,True
000990,DB하이텍,1013,전기전자,True
082740,한화엔진,1012,기계·장비,True
298380,에이비엘바이오,2024,제조,True
001040,CJ,1021,금융,True
000250,삼천당제약,2024,제조,True
087010,펩트론,2024,제조,True
108490,로보티즈,2024,제조,True
161890,한국콜마,1008,화학,True
319660,피에스케이,2024,제조,True
018880,한온시스템,1012,기계·장비,True
141080,리가켐바이오,2012,일반서비스,True
036460,한국가스공사,1017,전기·가스,True
257720,실리콘투,2027,유통,True
103590,일진전기,1013,전기전자,True
095340,ISC,2027,유통,True
111770,영원무역,1016,유통,True
022100,포스코DX,1026,일반서비스,True
011780,금호석유화학,1008,화학,True
192820,코스맥스,1008,화학,True
251270,넷마블,1046,IT 서비스,True
023530,롯데쇼핑,1016,유통,True
440110,파두,2024,제조,True
035250,강원랜드,1047,오락·문화,True
008930,한미사이언스,1021,금융,True
012750,에스원,1026,일반서비스,True
310210,보로노이,2012,일반서비스,True
145020,휴젤,2024,제조,True
031210,서울보증보험,1021,금융,True
085620,미래에셋생명,1021,금융,True
084370,유진테크,2024,제조,True
302440,SK바이오사이언스,1009,제약,True
139130,iM금융지주,1021,금융,True
028670,팬오션,1019,운송·창고,True
017800,현대엘리베이터,1012,기계·장비,True
336260,두산퓨얼셀,1013,전기전자,True
004800,효성,1021,금융,True
009420,한올바이오파마,1009,제약,True
006360,GS건설,1018,건설,True
097950,CJ제일제당,1005,음식료·담배,True
375500,DL이앤씨,1018,건설,True
214370,케어젠,2024,제조,True
007340,DN오토모티브,1013,전기전자,True
064760,티씨케이,2024,제조,True
004370,농심,1005,음식료·담배,True
080220,제주반도체,2024,제조,True
031980,피에스케이홀딩스,2024,제조,True
450080,에코프로머티,1013,전기전자,True
357780,솔브레인,2024,제조,True
095610,테스,2024,제조,True
383220,F&F,1006,섬유·의류,True
282330,BGF리테일,1016,유통,True
483650,달바글로벌,1008,화학,True
003690,코리안리,1021,금융,True
011170,롯데케미칼,1008,화학,True
026960,동서,1016,유통,True
319400,현대무벡스,2024,제조,True
001720,신영증권,1021,금융,True
489790,한화비전,1013,전기전자,True
131290,티에스이,2024,제조,True
005850,에스엘,1015,운송장비·부품,True
004990,롯데지주,1021,금융,True
347850,디앤디파마텍,2012,일반서비스,True
204320,HL만도,1015,운송장비·부품,True
178320,서진시스템,2024,제조,True
000240,한국앤컴퍼니,1021,금융,True
067310,하나마이크론,2024,제조,True
181710,NHN,1046,IT 서비스,True
279570,케이뱅크,1021,금융,True
103140,풍산,1011,금속,True
226950,올릭스,2012,일반서비스,True
005440,현대지에프홀딩스,1021,금융,True
014680,한솔케미칼,1008,화학,True
081660,미스토홀딩스,1016,유통,True
030000,제일기획,1026,일반서비스,True
007070,GS리테일,1016,유통,True
018670,SK가스,1016,유통,True
009970,영원무역홀딩스,1021,금융,True
237690,에스티팜,2024,제조,True
214150,클래시스,2024,제조,True
073240,금호타이어,1008,화학,True
005290,동진쎄미켐,2024,제조,True
069960,현대백화점,1016,유통,True
457190,이수스페셜티케미컬,1008,화학,True
020150,롯데에너지머티리얼즈,1013,전기전자,True
002790,아모레퍼시픽홀딩스,1008,화학,True
010170,대한광통신,2024,제조,True
139480,이마트,1016,유통,True
051600,한전KPS,1018,건설,True
140410,메지온,2012,일반서비스,True
058610,에스피지,2024,제조,True
112610,씨에스윈드,1011,금속,True
263750,펄어비스,2118,IT 서비스,True
462870,시프트업,1046,IT 서비스,True
098460,고영,2024,제조,True
083650,비에이치아이,2024,제조,True
089860,롯데렌탈,1026,일반서비스,True
032820,우리기술,2024,제조,True
068760,셀트리온제약,2024,제조,True
439260,대한조선,1015,운송장비·부품,True
089030,테크윙,2024,제조,True
071970,HD현대마린엔진,1012,기계·장비,True
475150,SK이터닉스,1018,건설,True
120110,코오롱인더,1008,화학,True
008770,호텔신라,1016,유통,True
140860,파크시스템스,2024,제조,True
096530,씨젠,2024,제조,True
000155,두산우,,,False
023590,다우기술,1046,IT 서비스,True
041510,에스엠,2037,오락·문화,True
000120,CJ대한통운,1019,운송·창고,True
006040,동원산업,1021,금융,True
060370,LS마린솔루션,2026,건설,True
007390,네이처셀,2024,제조,True
395400,SK리츠,1045,부동산,True
011210,현대위아,1015,운송장비·부품,True
020560,아시아나항공,1019,운송·창고,True
001120,LX인터내셔널,1016,유통,True
0009K0,에임드바이오,2012,일반서비스,True
001800,오리온홀딩스,1021,금융,True
950160,코오롱티슈진,,,False
009155,삼성전기우,,,False
294870,IPARK현대산업개발,1018,건설,True
131970,두산테스나,2012,일반서비스,True
241710,코스메카코리아,2024,제조,True
322000,HD현대에너지솔루션,1013,전기전자,True
006280,녹십자,1009,제약,True
298020,효성티앤씨,1008,화학,True
097230,HJ중공업,1018,건설,True
001430,세아베스틸지주,1011,금속,True
069620,대웅제약,1009,제약,True
323280,태성,2024,제조,True
290650,엘앤씨바이오,2024,제조,True
229640,LS에코에너지,1021,금융,True
078600,대주전자재료,2024,제조,True
007810,코리아써키트,1013,전기전자,True
089970,브이엠,2024,제조,True
00680K,미래에셋증권2우B,,,False
039200,오스코텍,2024,제조,True
035900,JYP Ent.,2037,오락·문화,True
030530,원익홀딩스,2024,제조,True
093370,후성,1008,화학,True
007310,오뚜기,1005,음식료·담배,True
012630,HDC,1021,금융,True
005070,코스모신소재,1008,화학,True
001740,SK네트웍스,1016,유통,True
280360,롯데웰푸드,1005,음식료·담배,True
420770,기가비스,2024,제조,True
361610,SK아이이테크놀로지,1013,전기전자,True
000815,삼성화재우,,,False
183300,코미코,2024,제조,True
281820,케이씨텍,1014,의료·정밀기기,False
415640,KB발해인프라,1021,금융,True
066575,LG전자우,,,False
475830,오름테라퓨틱,2024,제조,True
003540,대신증권,1021,금융,True
300720,한일시멘트,1010,비금속,True
192080,더블유게임즈,1046,IT 서비스,True
195940,HK이노엔,2024,제조,True
017960,한국카본,1011,금속,True
004000,롯데정밀화학,1008,화학,True
082920,비츠로셀,2024,제조,True
043260,성호전자,2024,제조,True
218410,RFHIC,2024,제조,True
003380,하림지주,2031,금융,True
030610,교보증권,1021,금융,True
127120,제이에스링크,2012,일반서비스,True
001820,삼화콘덴서,1013,전기전자,True
204270,제이앤티씨,2024,제조,True
330590,롯데리츠,1045,부동산,True
000080,하이트진로,1005,음식료·담배,True
006110,삼아알미늄,1011,금속,True
003240,태광산업,1008,화학,True
000210,DL,1008,화학,True
003530,한화투자증권,1021,금융,True
293490,카카오게임즈,2118,IT 서비스,True
032350,롯데관광개발,1026,일반서비스,True
006340,대원전선,1013,전기전자,True
496320,본시스템즈,,,False
000370,한화손해보험,1021,금융,True
347700,스피어,2118,IT 서비스,True
003090,대웅,1009,제약,True
051915,LG화학우,,,False
166090,하나머티리얼즈,2024,제조,True
077970,STX엔진,1012,기계·장비,True
192400,쿠쿠홀딩스,1021,금융,True
086450,동국제약,2024,제조,True
437730,삼현,2024,제조,True
356860,티엘비,2024,제조,True
036540,SFA반도체,2024,제조,True
003570,SNT다이내믹스,1015,운송장비·부품,True
950260,인제니아테라퓨틱스(Reg.S),,,False
185750,종근당,1009,제약,True
451800,한화리츠,1045,부동산,True
030190,NICE평가정보,1046,IT 서비스,True
034230,파라다이스,1047,오락·문화,True
285130,SK케미칼,1008,화학,True
004490,세방전지,1013,전기전자,True
006120,SK디스커버리,1021,금융,True
003470,유안타증권,1021,금융,True
005300,롯데칠성,1005,음식료·담배,True
079160,CJ CGV,1047,오락·문화,True
232140,와이씨,2024,제조,True
195870,해성디에스,1013,전기전자,True
009240,한샘,1016,유통,True
036830,솔브레인홀딩스,2012,일반서비스,True
009450,경동나비엔,1013,전기전자,True
499790,GS피앤엘,1021,금융,True
101490,에스앤에스텍,2024,제조,True
071055,한국금융지주우,,,False
056190,SFA,2024,제조,True
445680,큐리옥스바이오시스템즈,2024,제조,True
071320,지역난방공사,1017,전기·가스,True
005180,빙그레,1005,음식료·담배,True
491000,리브스메드,2024,제조,True
213420,덕산네오룩스,2024,제조,True
065350,신성델타테크,2024,제조,True
041830,인바디,2024,제조,True
476060,온코닉테라퓨틱스,2012,일반서비스,True
038500,삼표시멘트,2024,제조,True
014620,성광벤드,2024,제조,True
031330,에스에이엠티,2027,유통,True
100790,미래에셋벤처투자,2031,금융,True
476830,알지노믹스,2012,일반서비스,True
458870,씨어스,2024,제조,True
115180,큐리언트,2012,일반서비스,True
083450,GST,2024,제조,True
298050,HS효성첨단소재,1008,화학,True
365550,ESR켄달스퀘어리츠,1045,부동산,True
099320,쎄트렉아이,2024,제조,True
281740,레이크머티리얼즈,2024,제조,True
124500,아이티센글로벌,2118,IT 서비스,True
100090,SK오션플랜트,1011,금속,True
085660,차바이오텍,2024,제조,True
003850,보령,1009,제약,True
252990,샘씨엔에스,2024,제조,True
032190,다우데이타,2027,유통,True
388720,유일로보틱스,2024,제조,True
122870,와이지엔터테인먼트,2037,오락·문화,True
417200,LS머트리얼즈,2024,제조,True
214320,이노션,1026,일반서비스,True
225570,넥슨게임즈,2118,IT 서비스,True
003160,디아이,1014,의료·정밀기기,False
090710,휴림로봇,2024,제조,True
005090,SGC에너지,1017,전기·가스,True
094170,동운아나텍,2024,제조,True
137310,에스디바이오센서,1014,의료·정밀기기,False
036530,SNT홀딩스,1021,금융,True
035760,CJ ENM,2037,오락·문화,True
033100,제룡전기,2024,제조,True
000670,영풍,1011,금속,True
090460,비에이치,1013,전기전자,True
090360,로보스타,2024,제조,True
171090,선익시스템,2024,제조,True
456040,OCI,1008,화학,True
251970,펌텍코리아,2024,제조,True
119850,지엔씨에너지,2024,제조,True
137400,피엔티,2024,제조,True
064960,SNT모티브,1015,운송장비·부품,True
006730,서부T&D,2012,일반서비스,True
388210,씨엠티엑스,2024,제조,True
033790,피노,2024,제조,True
041960,코미팜,2024,제조,True
093050,LF,1006,섬유·의류,True
100840,SNT에너지,1012,기계·장비,True
074600,원익QnC,2024,제조,True
328130,루닛,2118,IT 서비스,True
189300,인텔리안테크,2024,제조,True
001060,JW중외제약,1009,제약,True
017940,E1,1016,유통,True
069260,TKG휴켐스,1008,화학,True
094800,맵스리얼티,,,False
000400,롯데손해보험,1021,금융,True
317450,명인제약,1009,제약,True
253450,스튜디오드래곤,2037,오락·문화,True
044490,태웅,2024,제조,True
014820,동원시스템즈,1008,화학,True
268280,미원에스씨,1008,화학,True
005880,대한해운,1019,운송·창고,True
053800,안랩,2118,IT 서비스,True
093320,케이아이엔엑스,2118,IT 서비스,True
005690,파미셀,1013,전기전자,True
293940,신한알파리츠,1045,부동산,True
023160,태광,2024,제조,True
001680,대상,1005,음식료·담배,True
033240,자화전자,1013,전기전자,True
002960,한국쉘석유,1008,화학,True
466100,클로봇,2118,IT 서비스,True
248070,솔루엠,1013,전기전자,True
456160,지투지바이오,2024,제조,True
006650,대한유화,1008,화학,True
001570,금양,1008,화학,True
383800,LX홀딩스,1021,금융,True
161580,필옵틱스,2024,제조,True
327260,RF머트리얼즈,2024,제조,True
059090,미코,2024,제조,True
000640,동아쏘시오홀딩스,1021,금융,True
122640,예스티,2024,제조,True
002350,넥센타이어,1008,화학,True
002840,미원상사,1008,화학,True
108320,LX세미콘,1013,전기전자,True
006380,카프로,1008,화학,True
222080,SFA넥셀,2024,제조,True
102710,이엔에프테크놀로지,2024,제조,True
0220W0,한화머시너리앤서비스홀딩스,1021,금융,True
032500,케이엠더블유,2024,제조,True
048410,현대바이오,2024,제조,True
002990,금호건설,1018,건설,True
453340,현대그린푸드,1016,유통,True
121600,나노신소재,2024,제조,True
036810,에프에스티,2024,제조,True
060250,NHN KCP,2031,금융,True
079940,가비아,2118,IT 서비스,True
114090,GKL,1047,오락·문화,True
075580,세진중공업,1015,운송장비·부품,True
001510,SK증권,1021,금융,True
058650,세아홀딩스,1011,금속,True
178920,PI첨단소재,1008,화학,True
00088K,한화3우B,,,False
003300,한일홀딩스,1010,비금속,True
001270,부국증권,1021,금융,True
052400,코나아이,2118,IT 서비스,True
001530,DI동일,1016,유통,True
046890,서울반도체,2024,제조,True
052020,에스티큐브,2027,유통,True
007700,F&F홀딩스,1021,금융,True
160190,하이젠알앤엠,2024,제조,True
025540,한국단자,1013,전기전자,True
079900,전진건설로봇,1012,기계·장비,True
336370,솔루스첨단소재,1013,전기전자,True
211050,인카금융서비스,2031,금융,True
295310,에이치브이엠,2024,제조,True
016380,KG스틸,1011,금속,True
425420,티에프이,2024,제조,True
019170,신풍제약,1009,제약,True
00104K,CJ4우(전환),,,False
005810,풍산홀딩스,1021,금융,True
003620,KG모빌리티,1015,운송장비·부품,True
009520,포스코엠텍,2024,제조,True
050890,쏠리드,2024,제조,True
086900,메디톡스,2024,제조,True
033500,동성화인텍,2024,제조,True
161000,애경케미칼,1008,화학,True
053610,프로텍,2024,제조,True
045100,한양이엔지,2012,일반서비스,True
284740,쿠쿠홈시스,1026,일반서비스,True
112040,위메이드,2118,IT 서비스,True
490470,세미파이브,2012,일반서비스,True
033640,네패스,2024,제조,True
041190,우리기술투자,2031,금융,True
025980,아난티,2012,일반서비스,True
399720,가온칩스,2024,제조,True
460860,동국제강,1011,금속,True
039130,하나투어,1026,일반서비스,True
019210,와이지-원,2024,제조,True
358570,지아이이노베이션,2012,일반서비스,True
278280,천보,2024,제조,True
484870,엠앤씨솔루션,1012,기계·장비,True
383310,에코프로에이치엔,2024,제조,True
448730,삼성FN리츠,1045,부동산,True
037460,삼지전자,2024,제조,True
003545,대신증권우,,,False
008060,대덕,1021,금융,True
001500,현대차증권,1021,금융,True
099190,아이센스,2024,제조,True
009410,태영건설,1018,건설,True
397030,에이프릴바이오,2012,일반서비스,True
340570,티앤엘,2024,제조,True
377740,바이오노트,1009,제약,True
460930,현대힘스,2024,제조,True
004690,삼천리,1017,전기·가스,True
034310,NICE,1026,일반서비스,True
015750,성우하이텍,2024,제조,True
101160,월덱스,2024,제조,True
145990,삼양사,1005,음식료·담배,True
090435,아모레퍼시픽우,,,False
365340,성일하이텍,2024,제조,True
000070,삼양홀딩스,1021,금융,True
034950,한국기업평가,2012,일반서비스,True
010780,아이에스동서,1010,비금속,True
002240,고려제강,1011,금속,True
082270,젬백스,2024,제조,True
174900,앱클론,2024,제조,True
253590,네오셈,2024,제조,True
035890,서희건설,2026,건설,True
005250,녹십자홀딩스,1026,일반서비스,True
249420,일동제약,1009,제약,True
077360,덕산하이메탈,2024,제조,True
376900,로킷헬스케어,2024,제조,True
336570,원텍,2024,제조,True
014830,유니드,1008,화학,True
056080,유진로봇,2024,제조,True
348370,엔켐,2024,제조,True
009900,명신산업,1015,운송장비·부품,True
005945,NH투자증권우,,,False
067160,SOOP,2118,IT 서비스,True
018290,브이티,2024,제조,True
376300,디어유,2118,IT 서비스,True
002030,아세아,1026,일반서비스,True
072710,농심홀딩스,1021,금융,True
024850,HLB이노베이션,2024,제조,True
214430,아이쓰리시스템,2024,제조,True
005389,현대차3우B,,,False
005420,코스모화학,1008,화학,True
126340,비나텍,2024,제조,True
030520,한컴,2118,IT 서비스,True
403550,쏘카,1026,일반서비스,True
003000,부광약품,1009,제약,True
029460,케이씨,1014,의료·정밀기기,False
092230,KPX홀딩스,1008,화학,True
001200,유진투자증권,1021,금융,True
004700,조광피혁,1006,섬유·의류,True
477850,마키나락스,2118,IT 서비스,True
016610,DB증권,1021,금융,True
016590,신대양제지,1007,종이·목재,True
003030,세아제강지주,1021,금융,True
272290,이녹스첨단소재,2024,제조,True
017900,광전자,1013,전기전자,True
317400,자이에스앤디,1045,부동산,True
078340,컴투스,2118,IT 서비스,True
348340,뉴로메카,2024,제조,True
064290,인텍플러스,2024,제조,True
002810,삼영무역,1016,유통,True
204620,글로벌텍스프리,2031,금융,True
104830,원익머트리얼즈,2024,제조,True
452260,한화갤러리아,1016,유통,True
357120,코람코라이프인프라리츠,1045,부동산,True
080580,오킨스전자,2024,제조,True
003280,흥아해운,1019,운송·창고,True
344820,KCC글라스,1010,비금속,True
042000,카페24,2118,IT 서비스,True
008730,율촌화학,1008,화학,True
078130,국일제지,2024,제조,True
439960,코스모로보틱스,2024,제조,True
125490,한라캐스트,2024,제조,True
013030,하이록코리아,2024,제조,True
130660,한전산업,1026,일반서비스,True
029530,신도리코,1013,전기전자,True
183190,아세아시멘트,1010,비금속,True
0120G0,삼양바이오팜,1009,제약,True
475960,토모큐브,2024,제조,True
219130,타이거일렉,2024,제조,True
306200,세아제강,1011,금속,True
194370,제이에스코퍼레이션,1006,섬유·의류,True
486990,노타,2118,IT 서비스,True
027360,아주IB투자,2031,금융,True
001940,KISCO홀딩스,1011,금속,True
241770,메카로,2024,제조,True
368770,파이버프로,2024,제조,True
064260,다날,2118,IT 서비스,True
271940,일진하이솔루스,1015,운송장비·부품,True
389470,인벤티지랩,2012,일반서비스,True
950210,프레스티지바이오파마,,,False
095660,네오위즈,2118,IT 서비스,True
092730,네오팜,2024,제조,True
015360,INVENI,1026,일반서비스,True
192650,드림텍,1013,전기전자,True
144960,뉴파워프라즈마,2024,제조,True
236200,슈프리마,2024,제조,True
006220,제주은행,1021,금융,True
468530,프로티나,2012,일반서비스,True
031430,신세계인터내셔날,1016,유통,True
089010,켐트로닉스,2024,제조,True
092190,서울바이오시스,2024,제조,True
017810,풀무원,1005,음식료·담배,True
025900,동화기업,2024,제조,True
089890,코세스,2024,제조,True
027410,BGF,1021,금융,True
126560,현대퓨처넷,1020,통신,True
078020,LS증권,2031,금융,True
215200,메가스터디교육,2012,일반서비스,True
393890,더블유씨피,2024,제조,True
007690,국도화학,1008,화학,True
025320,시노펙스,2024,제조,True
060980,HL홀딩스,1021,금융,True
107640,한중엔시에스,2024,제조,True
170900,동아에스티,1009,제약,True
003800,에이스침대,2024,제조,True
332570,PS일렉트로닉스,2024,제조,True
006405,삼성SDI우,,,False
02826K,삼성물산우B,,,False
372320,큐로셀,2012,일반서비스,True
105630,한세실업,1006,섬유·의류,True
170920,엘티씨,2024,제조,True
092870,엑시콘,2024,제조,True
036800,나이스정보통신,2114,통신,True
089590,제주항공,1019,운송·창고,True
097520,엠씨넥스,1013,전기전자,True
104700,한국철강,1011,금속,True
101730,위메이드맥스,2118,IT 서비스,True
005610,삼립,1005,음식료·담배,True
114810,한솔아이원스,2024,제조,True
441270,파인엠텍,2024,제조,True
004710,한솔테크닉스,1013,전기전자,True
069080,웹젠,2118,IT 서비스,True
060280,큐렉소,2027,유통,True
006910,보성파워텍,2024,제조,True
900290,GRT,,,False
024720,콜마홀딩스,1021,금융,True
033160,엠케이전자,2024,제조,True
078160,메디포스트,2024,제조,True
215600,신라젠,2012,일반서비스,True
011930,신성이엔지,1013,전기전자,True
020000,한섬,1006,섬유·의류,True
206650,유바이오로직스,2024,제조,True
011760,현대코퍼레이션,1016,유통,True
002020,코오롱,1021,금융,True
002310,아세아제지,1007,종이·목재,True
036620,감성코퍼레이션,2027,유통,True
098120,마이크로컨텍솔,2024,제조,True
290550,디케이티,2024,제조,True
009160,SIMPAC,1011,금속,True
067630,HLB생명과학,2024,제조,True
121440,골프존홀딩스,2027,유통,True
092790,넥스틸,1011,금속,True
200710,에이디테크놀로지,2024,제조,True
084110,휴온스글로벌,2024,제조,True
005950,이수화학,1008,화학,True
234340,헥토파이낸셜,2031,금융,True
356680,엑스게이트,2118,IT 서비스,True
015860,일진홀딩스,1021,금융,True
348210,넥스틴,2024,제조,True
026890,스틱인베스트먼트,1021,금융,True
200880,서연이화,1015,운송장비·부품,True
005720,넥센,1008,화학,True
018000,유니슨,2024,제조,True
417840,저스템,2024,제조,True
123890,한국자산신탁,1021,금융,True
145720,덴티움,1014,의료·정밀기기,False
025860,남해화학,1008,화학,True
009290,광동제약,1009,제약,True
069540,빛과전자,2024,제조,True
016800,퍼시스,1027,제조,True
018250,애경산업,1008,화학,True
078520,에이블씨엔씨,1008,화학,True
093520,매커스,2027,유통,True
012030,DB,1046,IT 서비스,True
003350,한국화장품제조,1008,화학,True
187660,페니트리움바이오,2012,일반서비스,True
001230,동국홀딩스,1021,금융,True
381970,케이카,1016,유통,True
108670,LX하우시스,1008,화학,True
079370,제우스,2024,제조,True
455900,엔젤로보틱스,2024,제조,True
096760,JW홀딩스,1021,금융,True
101930,인화정공,2024,제조,True
199800,툴젠,2012,일반서비스,True
039440,에스티아이,2024,제조,True
078350,한양디지텍,2024,제조,True
000157,두산2우B,,,False
126720,수산인더스트리,1018,건설,True
352480,씨앤씨인터내셔널,2024,제조,True
002710,TCC스틸,1011,금속,True
448900,한국피아이엠,2024,제조,True
330860,네패스아크,2012,일반서비스,True
272450,진에어,1019,운송·창고,True
244920,에이플러스에셋,1021,금융,True
035810,이지홀딩스,2024,제조,True
025770,한국정보통신,2114,통신,True
168360,펨트론,2024,제조,True
117730,티로보틱스,2024,제조,True
092460,한라IMS,2024,제조,True
472850,폰드그룹,2027,유통,True
200670,휴메딕스,2024,제조,True
294570,쿠콘,2118,IT 서비스,True
001390,KG케미칼,1008,화학,True
084010,대한제강,1011,금속,True
001750,한양증권,1021,금융,True
034830,한국토지신탁,1021,금융,True
110990,디아이티,2024,제조,True
091580,상신이디피,2024,제조,True
017890,한국알콜,2024,제조,True
035600,KG이니시스,2118,IT 서비스,True
054950,제이브이엠,2024,제조,True
084690,대상홀딩스,1021,금융,True
377450,리파인,2118,IT 서비스,True
265520,AP시스템,2024,제조,True
033270,유나이티드제약,1009,제약,True
051500,CJ프레시웨이,2027,유통,True
042520,한스바이오메드,2024,제조,True
091810,트리니티항공,1019,운송·창고,True
002900,TYM,1012,기계·장비,True
481070,에이유브랜즈,2027,유통,True
159010,아스플로,2024,제조,True
036890,진성티이씨,2024,제조,True
376270,HEM파마,2012,일반서비스,True
058430,포스코스틸리온,1011,금속,True
043150,바텍,2024,제조,True
136480,하림,2024,제조,True
482630,삼양엔씨켐,2024,제조,True
064550,바이오니아,2024,제조,True
003960,사조대림,1005,음식료·담배,True
017390,서울가스,1017,전기·가스,True
049070,인탑스,2024,제조,True
287840,인투셀,2012,일반서비스,True
037710,광주신세계,1016,유통,True
061970,LB세미콘,2024,제조,True
334890,이지스밸류플러스리츠,1045,부동산,True
010955,S-Oil우,,,False
439090,마녀공장,2024,제조,True
123330,제닉,2024,제조,True
448280,에코아이,2012,일반서비스,True
286940,롯데이노베이트,1046,IT 서비스,True
004430,송원산업,1008,화학,True
138080,오이솔루션,2024,제조,True
228760,지노믹트리,2012,일반서비스,True
010690,화신,1015,운송장비·부품,True
484590,삼양컴텍,2024,제조,True
010820,퍼스텍,1011,금속,True
389650,넥스트바이오메디컬,2024,제조,True
091700,파트론,2024,제조,True
122900,아이마켓코리아,1016,유통,True
036200,유니셈,2024,제조,True
003120,일성아이에스,1009,제약,True
317330,덕산테코피아,2024,제조,True
488900,비츠로넥스텍,2024,제조,True
020120,키다리스튜디오,1046,IT 서비스,True
000430,대원강업,1015,운송장비·부품,True
424870,이뮨온시아,2012,일반서비스,True
098070,한텍,2024,제조,True
309710,아이티켐,2024,제조,True
151860,KG에코솔루션,2024,제조,True
200130,콜마비앤에이치,2024,제조,True
267980,매일유업,2024,제조,True
024840,KBI메탈,2024,제조,True
182400,엔케이젠바이오텍코리아,2024,제조,True
160980,싸이맥스,2024,제조,True
004310,현대약품,1009,제약,True
217590,티엠씨,1013,전기전자,True
099440,스맥,2024,제조,True
060720,KH바텍,2024,제조,True
105840,우진,1014,의료·정밀기기,False
004360,세방,1019,운송·창고,True
200470,에이팩트,2024,제조,True
461300,아이스크림미디어,2118,IT 서비스,True
232530,이엠티,,,False
007160,사조산업,1005,음식료·담배,True
243070,휴온스,2024,제조,True
008490,서흥,1008,화학,True
121800,비덴트,2024,제조,True
378340,필에너지,2024,제조,True
047920,HLB제약,2012,일반서비스,True
005430,한국공항,1019,운송·창고,True
003920,남양유업,1005,음식료·담배,True
377460,큐에이드,2012,일반서비스,True
011560,세보엠이씨,2026,건설,True
001790,대한제당,1005,음식료·담배,True
005500,삼진제약,1009,제약,True
180400,DXVX,2012,일반서비스,True
045390,대아티아이,2024,제조,True
023410,유진기업,2024,제조,True
003200,일신방직,1006,섬유·의류,True
108860,셀바스AI,2118,IT 서비스,True
298690,에어부산,1019,운송·창고,True
003070,코오롱글로벌,1018,건설,True
389500,에스비비테크,2024,제조,True
136490,선진,1005,음식료·담배,True
044820,코스맥스비티아이,1021,금융,True
100120,뷰웍스,2024,제조,True
226320,잇츠한불,1008,화학,True
065680,우주일렉트로,2024,제조,True
475560,더본코리아,1016,유통,True
005680,삼영전자,1013,전기전자,True
304360,에스바이오메딕스,2024,제조,True
089980,상아프론테크,2024,제조,True
452430,사피엔반도체,2024,제조,True
404990,신한서부티엔디리츠,1045,부동산,True
025000,KPX케미칼,1008,화학,True
0001A0,덕양에너젠,,,False
000680,LS네트웍스,1016,유통,True
237880,클리오,2024,제조,True
0030R0,대신밸류리츠,1021,금융,True
068930,디지털대성,2012,일반서비스,True
030210,다올투자증권,1021,금융,True
064820,케이프,2024,제조,True
900140,엘브이엠씨홀딩스,,,False
000490,대동,1012,기계·장비,True
053690,한미글로벌,1026,일반서비스,True
394280,오픈엣지테크놀로지,2118,IT 서비스,True
000540,흥국화재,1021,금융,True
065710,서호전기,2024,제조,True
003650,미창석유,1008,화학,True
092200,디아이씨,1015,운송장비·부품,True
001460,BYC,1006,섬유·의류,True
389260,대명에너지,2026,건설,True
114190,강원에너지,2024,제조,True
002320,한진,1019,운송·창고,True
243840,신흥에스이씨,2024,제조,True
094480,갤럭시아머니트리,2118,IT 서비스,True
03473K,SK우,,,False
071200,인피니트헬스케어,2118,IT 서비스,True
298830,슈어소프트테크,2118,IT 서비스,True
086390,유니테스트,2024,제조,True
043370,피에이치에이,2024,제조,True
462860,더즌,2114,통신,True
001340,PKC,1008,화학,True
053030,바이넥스,2024,제조,True
348950,제이알글로벌리츠,1045,부동산,True
036030,케이티알파,2027,유통,True
034120,SBS,1047,오락·문화,True
000050,경방,1016,유통,True
365270,큐라클,2012,일반서비스,True
051905,LG생활건강우,,,False
000320,노루홀딩스,1021,금융,True
0008Z0,에스엔시스,2024,제조,True
001470,삼부토건,1018,건설,True
215000,골프존,2118,IT 서비스,True
493280,아이엠바이오로직스,2012,일반서비스,True
073490,LIG아큐버,2024,제조,True
094360,칩스앤미디어,2024,제조,True
134380,미원화학,1008,화학,True
254490,미래반도체,2027,유통,True
009680,모토닉,1015,운송장비·부품,True
416180,신성에스티,2024,제조,True
046970,우리로,2027,유통,True
033920,무학,1005,음식료·담배,True
445090,에이직랜드,2024,제조,True
044450,KSS해운,1019,운송·창고,True
0011T0,채비,2024,제조,True
023760,한국캐피탈,2031,금융,True
456010,아이씨티케이,2024,제조,True
001250,GS글로벌,1016,유통,True
011500,한농화성,1008,화학,True
206640,바디텍메드,2024,제조,True
095500,미래나노텍,2024,제조,True
061090,세나테크놀로지,2024,제조,True
019010,베뉴지,2027,유통,True
005710,대원산업,2024,제조,True
042370,비츠로테크,2031,금융,True
353810,이지바이오,2024,제조,True
432320,KB스타리츠,1045,부동산,True
314930,바이오다인,2024,제조,True
067390,아스트,2024,제조,True
290690,아리바이오홀딩스,2024,제조,True
003555,LG우,,,False
0082N0,카나프테라퓨틱스,2012,일반서비스,True
298000,효성화학,1008,화학,True
035150,백산,1008,화학,True
014940,오리엔탈정공,2024,제조,True
036710,심텍홀딩스,2012,일반서비스,True
241520,DSC인베스트먼트,2031,금융,True
217730,강스템바이오텍,2024,제조,True
144510,지씨셀,2012,일반서비스,True
000650,천일고속,1019,운송·창고,True
000480,CR홀딩스,1010,비금속,True
950170,JTC,,,False
017860,DS단석,1008,화학,True
003720,삼영,1008,화학,True
194480,데브시스터즈,2118,IT 서비스,True
307180,아이엘,2024,제조,True
475400,씨메스로보틱스,2024,제조,True
052330,코텍,2024,제조,True
125020,티씨머티리얼즈,2024,제조,True
099430,바이오플러스,2024,제조,True
446540,메가터치,2024,제조,True
005010,휴스틸,1011,금속,True
318060,그래피,2024,제조,True
203650,드림시큐리티,2118,IT 서비스,True
003520,영진약품,1009,제약,True
067080,대화제약,2024,제조,True
004980,성신양회,1010,비금속,True
134580,탑코미디어,2118,IT 서비스,True
036190,금화피에스시,2026,건설,True
484810,티엑스알로보틱스,2024,제조,True
419530,SAMG엔터,2037,오락·문화,True
380540,옵티코어,2024,제조,True
304100,솔트룩스,2118,IT 서비스,True
058970,엠로,2118,IT 서비스,True
085910,네오티스,2024,제조,True
194700,노바렉스,2024,제조,True
037270,YG PLUS,1046,IT 서비스,True
053300,한국정보인증,2118,IT 서비스,True
018310,삼목에스폼,2024,제조,True
088260,이리츠코크렙,1045,부동산,True
100250,진양홀딩스,1008,화학,True
450950,아스테라시스,2024,제조,True
084850,아이티엠반도체,2024,제조,True
484120,도우인시스,2024,제조,True
199430,케이엔알시스템,2024,제조,True
010580,에스엠벡셀,1015,운송장비·부품,True
001130,대한제분,1005,음식료·담배,True
314130,지놈앤컴퍼니,2024,제조,True
082800,비보존 제약,2024,제조,True
039570,HDC랩스,1018,건설,True
095570,AJ네트웍스,1026,일반서비스,True
013120,동원개발,2026,건설,True
066620,국보디자인,2026,건설,True
112290,와이씨켐,2024,제조,True
462350,이노스페이스,2024,제조,True
102940,코오롱생명과학,2024,제조,True
028100,동아지질,1018,건설,True
452280,한선엔지니어링,2024,제조,True
042420,네오위즈홀딩스,2118,IT 서비스,True
001630,종근당홀딩스,1009,제약,True
053210,스카이라이프,1047,오락·문화,True
377190,디앤디플랫폼리츠,1045,부동산,True
403850,더핑크퐁컴퍼니,2037,오락·문화,True
190510,나무가,2024,제조,True
012210,삼미금속,2024,제조,True
034810,해성산업,2031,금융,True
214180,헥토이노베이션,2118,IT 서비스,True
036560,KZ정밀,2024,제조,True
339770,교촌에프앤비,1016,유통,True
016580,환인제약,1009,제약,True
102260,동성케미컬,1008,화학,True
272110,케이엔제이,2024,제조,True
256840,한국비엔씨,2024,제조,True
013580,계룡건설,1018,건설,True
033530,SJG세종,1015,운송장비·부품,True
459510,나우로보틱스,2024,제조,True
000140,하이트진로홀딩스,1021,금융,True
003547,대신증권2우B,,,False
117580,대성에너지,1017,전기·가스,True
216080,제테마,2024,제조,True
425040,티이엠씨,2024,제조,True
007860,서연,1021,금융,True
126600,BGF에코머티리얼즈,2024,제조,True
039830,오로라,2012,일반서비스,True
049430,코메론,2024,제조,True
357550,석경에이티,2024,제조,True
016790,현대사료,2024,제조,True
143240,사람인,2118,IT 서비스,True
115450,HLB테라퓨틱스,2027,유통,True
128820,대성산업,1016,유통,True
417030,니어스랩,2118,IT 서비스,True
126700,하이비젼시스템,2024,제조,True
260870,SK시그넷,,,False
102460,이연제약,1009,제약,True
220100,퓨쳐켐,2024,제조,True
035510,신세계 I&C,1046,IT 서비스,True
064850,에프앤가이드,2118,IT 서비스,True
119830,아이텍,2012,일반서비스,True
204610,티쓰리,2118,IT 서비스,True
354320,알멕,2024,제조,True
126730,코칩,2024,제조,True
464080,에스오에스랩,2024,제조,True
052710,아모텍,2024,제조,True
241590,화승엔터프라이즈,1006,섬유·의류,True
016450,한세예스24홀딩스,1006,섬유·의류,True
025560,미래산업,1014,의료·정밀기기,False
078150,HB테크놀러지,2024,제조,True
213500,한솔제지,1007,종이·목재,True
002100,경농,1008,화학,True
234080,JW생명과학,1009,제약,True
270660,에브리봇,2024,제조,True
192440,슈피겐코리아,2024,제조,True
014710,사조씨푸드,1005,음식료·담배,True
388050,지투파워,2024,제조,True
000390,SP삼화,1008,화학,True
487570,HS효성,1021,금융,True
003220,대원제약,1009,제약,True
002420,우양피앤엘,1016,유통,True
222040,코스맥스엔비티,2024,제조,True
054210,이랜텍,2024,제조,True
489460,바이오비쥬,2024,제조,True
402030,코난테크놀로지,2118,IT 서비스,True
002150,도화엔지니어링,1026,일반서비스,True
176750,듀켐바이오,2024,제조,True
003610,방림,1006,섬유·의류,True
372170,윤성에프앤씨,2024,제조,True
293780,압타바이오,2012,일반서비스,True
950140,잉글우드랩,,,False
003460,유화증권,1021,금융,True
004560,현대비앤지스틸,1011,금속,True
083310,엘오티베큠,2024,제조,True
092130,이크레더블,2118,IT 서비스,True
143160,아이디스,2024,제조,True
138610,나이벡,2024,제조,True
000300,DH오토넥스,1015,운송장비·부품,True
094820,일진파워,2026,건설,True
002170,SYTS,1006,섬유·의류,True
108380,대양전기공업,2024,제조,True
264850,이랜시스,2024,제조,True
0039P0,매드업,2012,일반서비스,True
000700,유수홀딩스,1026,일반서비스,True
005960,동부건설,1018,건설,True
0015G0,그린광학,2024,제조,True
080160,모두투어,2012,일반서비스,True
083930,아바코,2024,제조,True
114840,아이패밀리에스씨,2024,제조,True
004380,삼익THK,1012,기계·장비,True
015230,대창단조,1015,운송장비·부품,True
013890,지누스,1027,제조,True
049630,재영솔루텍,2024,제조,True
086820,바이오솔루션,2024,제조,True
038390,레드캡투어,2012,일반서비스,True
006805,미래에셋증권우,,,False
086670,비엠티,2024,제조,True
271980,제일약품,1009,제약,True
067290,JW신약,2024,제조,True
016880,웅진,1021,금융,True
245620,EDGC,2012,일반서비스,True
122990,와이솔,2024,제조,True
123410,코리아에프티,2024,제조,True
093190,빅솔론,2024,제조,True
234690,녹십자웰빙,2024,제조,True
118990,모트렉스,2024,제조,True
475040,스트라드비젼,2118,IT 서비스,True
077500,유니퀘스트,1016,유통,True
179290,엠아이텍,2024,제조,True
230240,에치에프알,2024,제조,True
199820,제일일렉트릭,2024,제조,True
007570,일양약품,1009,제약,True
097955,CJ제일제당 우,,,False
000860,강남제비스코,1008,화학,True
012860,모베이스전자,2024,제조,True
101530,해태제과식품,1005,음식료·담배,True
126640,화신정공,2024,제조,True
023910,대한약품,2024,제조,True
308430,셀비온,2024,제조,True
042600,새로닉스,2024,제조,True
032620,GC메디아이,2118,IT 서비스,True
072870,메가스터디,2037,오락·문화,True
382800,지앤비에스 에코,2024,제조,True
090350,노루페인트,1008,화학,True
123860,아나패스,2024,제조,True
068790,DMS,2024,제조,True
001210,금호전기,1013,전기전자,True
260970,에스앤디,2024,제조,True
041920,메디아나,2024,제조,True
394800,쓰리빌리언,2012,일반서비스,True
119610,인터로조,2024,제조,True
331920,셀레믹스,2024,제조,True
101970,우양에이치씨,2024,제조,True
263860,지니언스,2118,IT 서비스,True
066410,버킷스튜디오,2114,통신,True
413630,씨피시스템,2024,제조,True
046070,코다코,2024,제조,True
460850,동국씨엠,1011,금속,True
001780,알루코,1011,금속,True
039860,나노엔텍,2024,제조,True
104480,티케이케미칼,2024,제조,True
024800,유성티엔에스,2029,운송·창고,True
00279K,아모레퍼시픽홀딩스3우C,,,False
054800,아이디스홀딩스,2012,일반서비스,True
101360,에코앤드림,2024,제조,True
051370,인터플렉스,2024,제조,True
400760,NH올원리츠,1045,부동산,True
001045,CJ우,,,False
462520,조선내화,1010,비금속,True
089600,KT나스미디어,2012,일반서비스,True
355150,코스텍시스,2024,제조,True
011040,경동제약,2024,제조,True
032580,피델릭스,2024,제조,True
011785,금호석유화학우,,,False
405100,큐알티,2012,일반서비스,True
003830,대한화섬,1008,화학,True
046440,KG파이낸셜,2118,IT 서비스,True
065660,안트로젠,2027,유통,True
013990,아가방컴퍼니,2027,유통,True
264450,유비쿼스,2024,제조,True
024060,흥구석유,2027,유통,True
007330,푸른저축은행,2031,금융,True
187870,디바이스,2024,제조,True
000970,한국주철관,1011,금속,True
389020,자람테크놀로지,2024,제조,True
418550,제이오,2012,일반서비스,True
138360,앤로보틱스,2024,제조,True
009470,삼화전기,1013,전기전자,True
071840,롯데하이마트,1016,유통,True
293480,하나제약,1009,제약,True
023600,삼보판지,2024,제조,True
046120,오르비텍,2012,일반서비스,True
140610,엔솔바이오사이언스,,,False
049960,쎌바이오텍,2024,제조,True
205500,넥써쓰,2118,IT 서비스,True
047770,코데즈컴바인,2024,제조,True
004970,신라교역,,,False
300080,플리토,2118,IT 서비스,True
308080,바이젠셀,2012,일반서비스,True
054450,텔레칩스,2024,제조,True
272550,삼양패키징,1008,화학,True
041020,폴라리스오피스,2118,IT 서비스,True
039840,디오,2024,제조,True
107590,미원홀딩스,1021,금융,True
382900,범한퓨얼셀,2024,제조,True
078070,유비쿼스홀딩스,2031,금융,True
025820,이구산업,1011,금속,True
051160,지어소프트,2118,IT 서비스,True
445180,퓨릿,2024,제조,True
148150,세경하이테크,2024,제조,True
000020,동화약품,1009,제약,True
048870,시너지이노베이션,2024,제조,True
005990,매일홀딩스,2024,제조,True
001540,안국약품,2024,제조,True
002210,동성제약,1009,제약,True
001080,만호제강,1011,금속,True
004090,한국석유,1010,비금속,True
003480,한진중공업홀딩스,1017,전기·가스,True
093640,케이알엠,2024,제조,True
015890,태경산업,1008,화학,True
084990,헬릭스미스,2012,일반서비스,True
293580,나우IB,2031,금융,True
060150,인선이엔티,2012,일반서비스,True
067280,멀티캠퍼스,2012,일반서비스,True
408920,메쎄이상,2012,일반서비스,True
469610,이노테크,2024,제조,True
147830,제룡산업,2024,제조,True
251370,와이엠티,2024,제조,True
092070,디엔에프,2024,제조,True
094280,효성ITX,1026,일반서비스,True
006060,화승인더,1016,유통,True
036170,에이치엠넥스,2024,제조,True
004150,한솔홀딩스,1021,금융,True
005160,동국산업,2024,제조,True
079960,동양이엔피,2024,제조,True
340450,지씨지놈,2012,일반서비스,True
153890,져스텍,2024,제조,True
474650,링크솔루션,2024,제조,True
334970,프레스티지바이오로직스,2024,제조,True
003100,선광,2029,운송·창고,True
417010,나노팀,2024,제조,True
032940,원익,2027,유통,True
0007C0,아크릴,2118,IT 서비스,True
088800,에이스테크,2024,제조,True
396300,세아메카닉스,2024,제조,True
038290,마크로젠,2012,일반서비스,True
069510,에스텍,2024,제조,True
095700,제넥신,2012,일반서비스,True
086890,이수앱지스,2024,제조,True
041520,이엘씨,2024,제조,True
003010,혜인,1016,유통,True
081000,일진다이아,1008,화학,True
004960,한신공영,1018,건설,True
289080,SV인베스트먼트,2031,금융,True
035610,솔본,2012,일반서비스,True
274090,켄코아에어로스페이스,2024,제조,True
035080,그래디언트,2027,유통,True
418420,라온텍,2024,제조,True
115310,인포바인,2114,통신,True
008350,남선알미늄,1011,금속,True
000520,삼일제약,1009,제약,True
012610,경인양행,1008,화학,True
338840,와이바이오로직스,2012,일반서비스,True
226590,엠디바이스,2024,제조,True
214420,토니모리,1008,화학,True
494120,큐리오시스,2024,제조,True
217950,파마리서치바이오,,,False
013520,화승코퍼레이션,1015,운송장비·부품,True
002390,한독,1009,제약,True
136540,윈스테크넷,2118,IT 서비스,True
489500,엘케이켐,2024,제조,True
214390,경보제약,1009,제약,True
321550,티움바이오,2012,일반서비스,True
080420,모다이노칩,2027,유통,True
0015N0,아로마티카,2024,제조,True
049720,고려신용정보,2012,일반서비스,True
004080,신흥,1016,유통,True
192410,오늘이엔엠,2024,제조,True
009270,신원,1006,섬유·의류,True
198440,강동씨앤엘,2024,제조,True
264660,씨앤지하이테크,2024,제조,True
265740,엔에프씨,2024,제조,True
140670,알에스오토메이션,2024,제조,True
009780,엠에스씨,2024,제조,True
267290,경동도시가스,1017,전기·가스,True
388790,라이콤,2024,제조,True
094840,슈프리마에이치큐,2024,제조,True
267320,나인테크,2024,제조,True
950190,고스트스튜디오,,,False
024090,디씨엠,1011,금속,True
307750,국전,2024,제조,True
001360,삼성제약,1009,제약,True
037560,LG헬로비전,1047,오락·문화,True
210540,디와이파워,1012,기계·장비,True
007540,샘표,1021,금융,True
0088M0,메쥬,2024,제조,True
285490,노바텍,2024,제조,True
102120,어보브반도체,2024,제조,True
432720,퀄리타스반도체,2024,제조,True
220260,켐트로스,2024,제조,True
089470,HDC현대EP,1008,화학,True
014280,금강공업,1011,금속,True
350520,이지스레지던스리츠,1045,부동산,True
036690,코맥스,2024,제조,True
142210,유니트론텍,2027,유통,True
297890,HB솔루션,2024,제조,True
322510,제이엘케이,2118,IT 서비스,True
473980,노머스,2037,오락·문화,True
078000,텔코웨어,1046,IT 서비스,True
086980,쇼박스,2037,오락·문화,True
457550,우진엔텍,2012,일반서비스,True
149950,아바텍,2024,제조,True
008830,대동기어,2024,제조,True
240550,동방메디컬,2024,제조,True
011690,와이투솔루션,1013,전기전자,True
232680,라온로보틱스,2024,제조,True
452450,피아이이,2024,제조,True
009070,KCTC,1019,운송·창고,True
018470,조일알미늄,1011,금속,True
282880,코윈테크,2024,제조,True
095190,신화프리텍,2024,제조,True
146320,비씨엔씨,2024,제조,True
163730,핑거,2118,IT 서비스,True
322310,오로스테크놀로지,2024,제조,True
458650,성우,2024,제조,True
211270,AP위성,2024,제조,True
108230,톱텍,2024,제조,True
049520,유아이엘,2024,제조,True
037070,파세코,2024,제조,True
079430,현대리바트,1027,제조,True
002620,제일파마홀딩스,1026,일반서비스,True
005800,신영와코루,1006,섬유·의류,True
048550,SM C&C,2012,일반서비스,True
052260,현대바이오랜드,2024,제조,True
361390,제노코,2024,제조,True
212560,네오오토,2024,제조,True
027710,팜스토리,2024,제조,True
122450,KX,2037,오락·문화,True
063570,NICE인프라,2012,일반서비스,True
021320,KCC건설,2026,건설,True
299030,하나기술,2024,제조,True
227840,현대코퍼레이션홀딩스,1016,유통,True
228850,레이언스,2024,제조,True
290740,액트로,2024,제조,True
056090,시지메드텍,2024,제조,True
478340,나라스페이스테크놀로지,2024,제조,True
323990,박셀바이오,2012,일반서비스,True
255220,SG,2024,제조,True
451760,컨텍,2118,IT 서비스,True
083420,그린케미칼,1008,화학,True
001520,동양,1010,비금속,True
034590,인천도시가스,1017,전기·가스,True
041440,현대에버다임,2024,제조,True
339950,아이비김영,2012,일반서비스,True
011280,태림포장,1007,종이·목재,True
036630,세종텔레콤,2026,건설,True
053080,케이엔솔,2024,제조,True
059120,아진엑스텍,2024,제조,True
166480,코아스템켐온,2024,제조,True
041590,플래스크,2026,건설,True
238540,나노솔루션,,,False
217270,넵튠,2118,IT 서비스,True
259630,엠플러스,2024,제조,True
417500,제이아이테크,2024,제조,True
078935,GS우,,,False
073010,케이에스피,2024,제조,True
366030,나인앤컴퍼니,2024,제조,True
017550,수산세보틱스,1012,기계·장비,True
394420,리센스메디컬,2024,제조,True
333430,일승,2024,제조,True
158430,아톤,2118,IT 서비스,True
013570,디와이,1021,금융,True
002780,진흥기업,1018,건설,True
092220,KEC,1013,전기전자,True
106190,하이텍팜,2024,제조,True
016710,대성홀딩스,1026,일반서비스,True
012320,경동인베스트,1021,금융,True
014530,극동유화,1008,화학,True
474170,루미르,2024,제조,True
052860,아이앤씨,2024,제조,True
017510,세명전기,2024,제조,True
090850,현대이지웰,2118,IT 서비스,True
051980,중앙첨단소재,2024,제조,True
063170,서울옥션,2027,유통,True
008970,KBI동양철관,1011,금속,True
047310,파워로직스,2024,제조,True
038540,상상인,2118,IT 서비스,True
054050,NH농우바이오,,,False
067900,와이엔텍,2012,일반서비스,True
004250,NPC,1008,화학,True
256940,킵스파마,2024,제조,True
010100,한국무브넥스,1015,운송장비·부품,True
037350,성도이엔지,2012,일반서비스,True
105330,케이엔더블유,2024,제조,True
402490,그린리소스,2024,제조,True
002460,HS화성,1018,건설,True
023450,동남합성,1008,화학,True
488280,에스투더블유,2118,IT 서비스,True
387690,레메디,2024,제조,True
141000,비아트론,2024,제조,True
475230,엔알비,2024,제조,True
311320,지오엘리먼트,2024,제조,True
330350,위더스제약,2024,제조,True
310200,애니플러스,2037,오락·문화,True
021080,에이티넘인베스트,2031,금융,True
018120,진로발효,2024,제조,True
123040,엠에스오토텍,2024,제조,True
011810,STX,1016,유통,True
067990,도이치모터스,2027,유통,True
001290,상상인증권,1021,금융,True
493330,지에프아이,2024,제조,True
051360,토비스,2024,제조,True
297090,씨에스베어링,2024,제조,True
012800,대창,1011,금속,True
246710,티앤알바이오팹,2024,제조,True
189330,씨이랩,2118,IT 서비스,True
242040,나무에이엑스,2118,IT 서비스,True
120240,대정화금,2024,제조,True
101170,우림피티에스,2024,제조,True
115500,케이씨에스,2118,IT 서비스,True
014580,태경비케이,1010,비금속,True
053700,삼보모터스,2024,제조,True
453450,그리드위즈,2012,일반서비스,True
039340,한국경제TV,2037,오락·문화,True
248170,샘표식품,1005,음식료·담배,True
059210,메타바이오메드,2024,제조,True
100700,세운메디칼,2024,제조,True
054920,한컴위드,2118,IT 서비스,True
016740,두올,1015,운송장비·부품,True
336680,탑런토탈솔루션,2024,제조,True
035000,HS애드,1026,일반서비스,True
109740,디에스케이,2024,제조,True
120030,조선선재,1011,금속,True
002450,삼익악기,1027,제조,True
073560,우리손에프앤지,2024,제조,True
123690,한국화장품,1016,유통,True
079650,서산,2024,제조,True
027970,한국제지,1007,종이·목재,True
039560,다산네트웍스,2024,제조,True
267850,아시아나IDT,1046,IT 서비스,True
006660,삼성공조,1015,운송장비·부품,True
006620,동구바이오제약,2024,제조,True
131030,옵투스제약,2024,제조,True
008260,NI스틸,1011,금속,True
474610,RF시스템즈,2024,제조,True
009580,무림P&P,1007,종이·목재,True
071280,로체시스템즈,2024,제조,True
264900,크라운제과,1005,음식료·담배,True
053260,금강철강,2024,제조,True
396470,워트,2024,제조,True
074430,아미노로직스,2024,제조,True
013700,까뮤이앤씨,1018,건설,True
475580,에이럭스,2024,제조,True
290720,푸드나무,2027,유통,True
070960,모나용평,1026,일반서비스,True
021820,세원정공,1015,운송장비·부품,True
119650,KC코트렐,1012,기계·장비,True
067830,세이브존I&C,1016,유통,True
052420,오성첨단소재,2024,제조,True
298540,더네이쳐홀딩스,2024,제조,True
37550L,DL이앤씨2우(전환),,,False
246720,아스타,2024,제조,True
006840,AK홀딩스,1021,금융,True
042500,링네트,2118,IT 서비스,True
362320,청담글로벌,2027,유통,True
066590,스모트로닉,2024,제조,True
352090,스톰테크,2024,제조,True
091440,한울소재과학,2024,제조,True
357880,SKAI,2118,IT 서비스,True
309960,LB인베스트먼트,2031,금융,True
012200,계양전기,1012,기계·장비,True
042510,라온시큐어,2118,IT 서비스,True
088130,동아엘텍,2024,제조,True
235980,메드팩토,2012,일반서비스,True
066790,씨씨에스,2037,오락·문화,True
014790,HL D&I,1018,건설,True
036220,오상헬스케어,2024,제조,True
040350,크레오에스지,2118,IT 서비스,True
068240,다원시스,2024,제조,True
005860,한일사료,2024,제조,True
032560,황금에스티,1011,금속,True
083500,에프엔에스테크,2024,제조,True
002230,피에스텍,2024,제조,True
086710,선진뷰티사이언스,2024,제조,True
250060,모비스,2118,IT 서비스,True
255440,야스,2024,제조,True
217820,원익피앤이,2024,제조,True
417310,코람코더원리츠,1045,부동산,True
307930,컴퍼니케이,2031,금융,True
452190,한빛레이저,2024,제조,True
004100,태양금속,1015,운송장비·부품,True
017650,대림제지,2024,제조,True
049950,미래컴퍼니,2024,제조,True
125210,아모그린텍,2024,제조,True
380550,뉴로핏,2118,IT 서비스,True
007210,벽산,1010,비금속,True
040300,YTN,2037,오락·문화,True
307870,비투엔,2118,IT 서비스,True
008700,아남전자,1013,전기전자,True
019180,티에이치엔,1013,전기전자,True
348350,위드텍,2024,제조,True
432470,케이엔에스,2024,제조,True
014440,영보화학,1008,화학,True
419050,삼기에너지솔루션즈,2024,제조,True
109610,에스와이,2024,제조,True
205100,엑셈,2118,IT 서비스,True
013310,아진산업,2024,제조,True
036580,팜스코,1005,음식료·담배,True
351320,넥사다이내믹스,2024,제조,True
008040,사조동아원,1005,음식료·담배,True
053350,이니텍,2118,IT 서비스,True
023900,풍국주정,2024,제조,True
187790,나노,2024,제조,True
036010,아비코전자,2024,제조,True
058820,CMG제약,2024,제조,True
443670,에스피소프트,2118,IT 서비스,True
182360,큐브엔터,2037,오락·문화,True
078140,대봉엘에스,2024,제조,True
058850,KTcs,1046,IT 서비스,True
040420,정상제이엘에스,2012,일반서비스,True
025620,차AI헬스케어,1008,화학,True
107600,새빗켐,2024,제조,True
053580,웹케시,2118,IT 서비스,True
282720,금양그린파워,2026,건설,True
001275,부국증권우,,,False
002200,한국수출포장,1007,종이·목재,True
306620,지아이에스,2024,제조,True
950130,엑세스바이오,,,False
093920,서원인텍,2024,제조,True
129920,대성하이텍,2024,제조,True
047560,이스트소프트,2118,IT 서비스,True
063080,컴투스홀딩스,2118,IT 서비스,True
357230,에이치피오,2024,제조,True
226400,오스테오닉,2024,제조,True
058860,KTis,1046,IT 서비스,True
317770,엑스페릭스,2024,제조,True
363280,티와이홀딩스,1021,금융,True
004890,동일산업,1011,금속,True
099750,이지케어텍,2118,IT 서비스,True
413390,엠오티,2024,제조,True
096240,크레버스,2012,일반서비스,True
009300,삼아제약,2024,제조,True
263720,디앤씨미디어,2037,오락·문화,True
209640,와이제이링크,2024,제조,True
156100,엘앤케이바이오,2024,제조,True
029480,광무,2024,제조,True
950220,네오이뮨텍,,,False
330730,스톤브릿지벤처스,2031,금융,True
172670,에이엘티,2024,제조,True
139990,아주스틸,1011,금속,True
048530,인트론바이오,2024,제조,True
001020,페이퍼코리아,1007,종이·목재,True
322180,LS티라유텍,2118,IT 서비스,True
023000,삼원강재,1015,운송장비·부품,True
289930,웨이비스,2024,제조,True
004140,동방,1019,운송·창고,True
006090,사조오양,1005,음식료·담배,True
025950,동신건설,2026,건설,True
032300,한국파마,2024,제조,True
004650,창해에탄올,2024,제조,True
102370,케이옥션,2027,유통,True
478560,블랙야크아이앤씨,2024,제조,True
130580,나이스디앤비,2012,일반서비스,True
072020,중앙백신,2024,제조,True
149980,하이로닉,2024,제조,True
023800,인지컨트롤스,1015,운송장비·부품,True
044990,에이치엔에스하이텍,2024,제조,True
033290,로젠,2027,유통,True
089230,THE E&M,2118,IT 서비스,True
079810,APS이노베이션,2024,제조,True
054540,삼영엠텍,2024,제조,True
045970,코아시아,2024,제조,True
066980,한성크린텍,2012,일반서비스,True
282620,기도산업,2024,제조,True
096775,SK이노베이션우,,,False
005740,크라운해태홀딩스,1021,금융,True
004770,써니전자,1013,전기전자,True
086960,MDS테크,2118,IT 서비스,True
091120,이엠텍,2024,제조,True
418470,KT밀리의서재,2118,IT 서비스,True
302550,리메드,2024,제조,True
049180,셀루메드,2024,제조,True
223250,드림씨아이에스,2012,일반서비스,True
900300,오가닉티코스메틱,,,False
183490,엔지켐생명과학,2024,제조,True
950250,테라뷰,,,False
067000,조이시티,2118,IT 서비스,True
066430,아이로보틱스,2027,유통,True
111380,동인기연,1006,섬유·의류,True
215100,로보로보,2024,제조,True
019550,SBI인베스트먼트,2031,금융,True
038110,에코플라스틱,2024,제조,True
217190,제너셈,2024,제조,True
104460,디와이피엔에프,2024,제조,True
137950,제이씨케미칼,2024,제조,True
002600,조흥,1005,음식료·담배,True
040910,아이씨디,2024,제조,True
037030,파워넷,2024,제조,True
131370,알서포트,2118,IT 서비스,True
487400,케이앤에스아이앤씨,2024,제조,True
004840,DRB동일,1008,화학,True
185490,아이진,2012,일반서비스,True
054670,대한뉴팜,2024,제조,True
101330,모베이스,2024,제조,True
201490,미투온,2118,IT 서비스,True
109070,주성코퍼레이션,1013,전기전자,True
234300,에스트래픽,2118,IT 서비스,True
007980,TP,1006,섬유·의류,True
175250,아이큐어,2024,제조,True
487580,폴레드,2024,제조,True
0017J0,세미티에스,2024,제조,True
000105,유한양행우,,,False
105740,디케이락,2024,제조,True
412540,제일엠앤에스,2024,제조,True
069730,DSR제강,1011,금속,True
337930,젝시믹스,2118,IT 서비스,True
037760,쎄니트,2024,제조,True
036640,HRS,2024,제조,True
040160,누리플렉스,2118,IT 서비스,True
013360,일성건설,1018,건설,True
065450,빅텍,2024,제조,True
055490,테이팩스,1008,화학,True
002220,한일철강,1011,금속,True
090470,제이스로보틱스,2024,제조,True
019680,대교,1026,일반서비스,True
451250,삐아,2024,제조,True
246960,SCL사이언스,2024,제조,True
214680,디알텍,2024,제조,True
003580,HLB글로벌,1016,유통,True
033560,블루콤,2024,제조,True
100130,동국S&C,2024,제조,True
038680,에스넷,2118,IT 서비스,True
009180,한솔로지스틱스,1019,운송·창고,True
299660,셀리드,2012,일반서비스,True
320000,한울반도체,2024,제조,True
163560,동일고무벨트,1008,화학,True
381620,제닉스로보틱스,2024,제조,True
066700,테라젠이텍스,2024,제조,True
053280,예스24,2027,유통,True
33626K,두산퓨얼셀1우,,,False
084680,이월드,1027,제조,True
058400,KNN,2037,오락·문화,True
124560,태웅로직스,2029,운송·창고,True
078890,가온그룹,2024,제조,True
012700,리드코프,2027,유통,True
005750,대림바스,1010,비금속,True
382840,원준,2024,제조,True
115440,우리넷,2024,제조,True
048910,대원미디어,2027,유통,True
371950,풍원정밀,2024,제조,True
251120,바이오에프디엔씨,2024,제조,True
0011A0,액스비스,2024,제조,True
463020,뉴엔AI,2118,IT 서비스,True
302430,이노메트리,2024,제조,True
000850,화천기공,1012,기계·장비,True
015590,DKME,1012,기계·장비,True
007820,엠엑스로보틱스,2024,제조,True
065510,휴비츠,2024,제조,True
347890,엠엑스온,2024,제조,True
088390,이녹스,2024,제조,True
900260,로스웰,,,False
091590,남화토건,2026,건설,True
0117P0,피스피스스튜디오,2027,유통,True
338220,뷰노,2118,IT 서비스,True
011700,한신기계,1012,기계·장비,True
011370,서한,2026,건설,True
0155E0,해치텍,2024,제조,True
063160,종근당바이오,1009,제약,True
058630,엠게임,2118,IT 서비스,True
263800,데이타솔루션,2027,유통,True
000590,CS홀딩스,1021,금융,True
045660,에이텍,2024,제조,True
205470,휴마시스,2024,제조,True
094860,네오리진,2118,IT 서비스,True
052460,아이크래프트,2118,IT 서비스,True
007590,동방아그로,1008,화학,True
228670,레이,2024,제조,True
073640,테라사이언스,2024,제조,True
013870,지엠비코리아,1015,운송장비·부품,True
290660,다이나믹솔루션,2024,제조,True
475430,키스트론,2024,제조,True
039980,폴라리스AI,2118,IT 서비스,True
047820,초록뱀미디어,2037,오락·문화,True
024880,케이피에프,2024,제조,True
365330,에스와이스틸텍,2024,제조,True
067370,선바이오,2024,제조,True
004590,한국가구,2027,유통,True
225530,HC보광산업,2024,제조,True
041930,SY동아,2024,제조,True
265560,영화테크,2024,제조,True
060590,씨티씨바이오,2024,제조,True
208140,정다운,2024,제조,True
140070,서플러스글로벌,2027,유통,True
001260,남광토건,1018,건설,True
000230,일동홀딩스,1009,제약,True
457600,벡트,2024,제조,True
277880,티에스아이,2024,제조,True
080010,이상네트웍스,2027,유통,True
010960,삼호개발,1018,건설,True
014160,대영포장,1007,종이·목재,True
204840,지엘팜텍,2027,유통,True
128660,피제이메탈,2024,제조,True
170030,현대공업,2024,제조,True
417790,트루엔,2024,제조,True
173130,오파스넷,2118,IT 서비스,True
294630,서남,2024,제조,True
389030,지니너스,2012,일반서비스,True
212710,아이에스티이,2024,제조,True
142280,녹십자엠에스,2024,제조,True
011320,유니크,2024,제조,True
084730,팅크웨어,2024,제조,True
085670,뉴프렉스,2024,제조,True
076610,해성옵틱스,2024,제조,True
011150,CJ씨푸드,1005,음식료·담배,True
389140,포바이포,2037,오락·문화,True
004720,팜젠사이언스,1009,제약,True
214260,라파스,2024,제조,True
020710,시공테크,2012,일반서비스,True
054040,한국컴퓨터,2024,제조,True
061250,화일약품,2024,제조,True
303810,동국생명과학,2024,제조,True
019540,일지테크,2024,제조,True
017480,삼현철강,2024,제조,True
0218L0,네오뷰,2024,제조,True
261780,아리바이오랩,2012,일반서비스,True
012790,신일제약,2024,제조,True
253840,수젠텍,2024,제조,True
360070,탑머티리얼,2024,제조,True
000440,중앙에너비스,2027,유통,True
067170,오텍,2024,제조,True
217330,싸이토젠,2012,일반서비스,True
002720,국제약품,1009,제약,True
095720,웅진씽크빅,1026,일반서비스,True
052900,KX하이텍,2024,제조,True
000180,성창기업지주,1026,일반서비스,True
064800,포니링크,2027,유통,True
007610,선도전기,1013,전기전자,True
041910,폴라리스AI파마,2024,제조,True
377480,마음AI,2118,IT 서비스,True
030960,양지사,2024,제조,True
033130,디지틀조선,2118,IT 서비스,True
0156T0,에이치엘지노믹스,2024,제조,True
058730,다스코,1011,금속,True
171120,라이온켐텍,2024,제조,True
338100,NH프라임리츠,1045,부동산,True
0220WL,한화머시너리앤서비스홀딩스3우B,,,False
234920,자이글,2024,제조,True
084670,동양고속,1019,운송·창고,True
234030,싸이닉솔루션,2024,제조,True
332370,아이디피,2024,제조,True
031820,아이티센씨티에스,1046,IT 서비스,True
002795,아모레퍼시픽홀딩스우,,,False
0015S0,페스카로,2012,일반서비스,True
067570,엔브이에이치코리아,2024,제조,True
456570,아이엠지티,,,False
092040,아미코젠,2024,제조,True
002800,신신제약,2024,제조,True
331380,포커스에이아이,2024,제조,True
347000,센코,2024,제조,True
024830,세원물산,2024,제조,True
153710,옵티팜,2024,제조,True
155660,DSR,1011,금속,True
010280,아이티센엔텍,2118,IT 서비스,True
085310,엔케이,1011,금속,True
120115,코오롱인더우,,,False
457370,한켐,2024,제조,True
054620,APS,2031,금융,True
006140,피제이전자,2024,제조,True
096350,대창솔루션,2024,제조,True
388870,파로스아이바이오,2012,일반서비스,True
365660,레몬헬스케어,2118,IT 서비스,True
096250,와이즈넛,2118,IT 서비스,True
001560,제일연마,1010,비금속,True
451220,아이엠티,2024,제조,True
137080,나래나노텍,2024,제조,True
009770,삼정펄프,1007,종이·목재,True
043610,KT지니뮤직,2037,오락·문화,True
079980,휴비스,1008,화학,True
950200,소마젠,,,False
196490,디에이테크놀로지,2024,제조,True
221800,지구홀딩스,2012,일반서비스,True
225190,LK삼양,2024,제조,True
036000,예림당,2037,오락·문화,True
066310,큐에스아이,2024,제조,True
179530,애드바이오텍,2024,제조,True
331740,아우토크립트,2118,IT 서비스,True
048430,유라테크,2024,제조,True
014950,삼익제약,2024,제조,True
038460,바이오스마트,2024,제조,True
002700,신일전자,1016,유통,True
110790,크리스에프앤씨,2024,제조,True
460940,피앤에스로보틱스,2024,제조,True
049550,잉크테크,2024,제조,True
168330,내츄럴엔도텍,2012,일반서비스,True
024740,한일단조,2024,제조,True
004440,삼일씨엔에스,1010,비금속,True
104040,디에스엠,2024,제조,True
072950,빛샘전자,2024,제조,True
018500,동원모빌리티,1015,운송장비·부품,True
041460,한국전자인증,2118,IT 서비스,True
210980,SK디앤디,1045,부동산,True
303360,프로티아,2024,제조,True
100030,인지소프트,2118,IT 서비스,True
162300,신스틸,2024,제조,True
007280,한국특강,1011,금속,True
026150,특수건설,2026,건설,True
222110,팬젠,2024,제조,True
417970,모델솔루션,2024,제조,True
270520,앱튼,2012,일반서비스,True
017370,우신시스템,1012,기계·장비,True
412350,레이저쎌,2024,제조,True
396270,넥스트칩,2024,제조,True
109860,동일금속,2024,제조,True
081150,티플랙스,2024,제조,True
123420,위메이드플레이,2118,IT 서비스,True
241690,유니테크노,2024,제조,True
049080,기가레인,2024,제조,True
004780,대륙제관,2024,제조,True
014970,삼륭물산,2024,제조,True
061040,알에프텍,2024,제조,True
483350,딜리셔스,2027,유통,True
175140,아고스,2024,제조,True
208370,셀바스헬스케어,2024,제조,True
064240,홈캐스트,2027,유통,True
010040,한국내화,1010,비금속,True
032850,비트컴퓨터,2118,IT 서비스,True
111710,남화산업,2037,오락·문화,True
411080,샌즈랩,2118,IT 서비스,True
039010,현대에이치티,2024,제조,True
214330,금호에이치티,1015,운송장비·부품,True
083790,CG인바이츠,2012,일반서비스,True
0007J0,인벤테라,2012,일반서비스,True
439580,블루엠텍,2027,유통,True
424960,스마트레이더시스템,2024,제조,True
016090,대현,1006,섬유·의류,True
032540,TJ미디어,2024,제조,True
065170,비엘팜텍,2027,유통,True
382480,지아이텍,2024,제조,True
122350,삼기,2024,제조,True
068290,삼성출판사,1047,오락·문화,True
100220,비상교육,1047,오락·문화,True
005870,휴니드,1013,전기전자,True
216050,인크로스,2012,일반서비스,True
009200,무림페이퍼,1007,종이·목재,True
039420,케이엘넷,2114,통신,True
456070,이엔셀,2024,제조,True
136150,원일티엔아이,2024,제조,True
010240,흥국,2024,제조,True
005670,푸드웰,2024,제조,True
010660,화천기계,1012,기계·장비,True
420570,제이투케이바이오,2024,제조,True
043650,국순당,2024,제조,True
147760,피엠티,2024,제조,True
448710,코츠테크놀로지,2024,제조,True
001840,이화공영,2026,건설,True
187420,HLB제넥스,2024,제조,True
059270,해성에어로보틱스,2024,제조,True
294090,이오플로우,2024,제조,True
000220,유유제약,1009,제약,True
071090,하이스틸,1011,금속,True
318160,셀바이오휴먼텍,2024,제조,True
082210,옵트론텍,2024,제조,True
443250,레뷰코퍼레이션,2012,일반서비스,True
054300,팬스타엔터프라이즈,2024,제조,True
002760,보락,1008,화학,True
155650,와이엠씨,2024,제조,True
049470,비트플래닛,2118,IT 서비스,True
094850,참좋은여행,2012,일반서비스,True
0004V0,엔비알모션,2024,제조,True
039020,이건홀딩스,2024,제조,True
203400,에이비온,2012,일반서비스,True
060310,3S,2024,제조,True
006890,태경케미컬,1008,화학,True
044340,위닉스,2024,제조,True
072130,유엔젤,1046,IT 서비스,True
008370,원풍,2024,제조,True
016250,SGC E&C,2026,건설,True
323350,다원넥스뷰,2024,제조,True
291230,컴투스엔,2012,일반서비스,True
396690,미래에셋글로벌리츠,1045,부동산,True
009190,대양금속,1011,금속,True
357580,아모센스,2024,제조,True
014990,인디에프,1006,섬유·의류,True
214270,FSN,2118,IT 서비스,True
060570,드림어스컴퍼니,2037,오락·문화,True
014470,부방,,,False
066670,디티씨,,,False
053620,태양,2024,제조,True
191420,테고사이언스,2024,제조,True
370090,퓨런티어,2024,제조,True
089850,유비벨록스,2118,IT 서비스,True
228340,동양파일,2024,제조,True
033320,제이씨현시스템,2027,유통,True
241790,티이엠씨씨엔에스,2024,제조,True
067920,이글루,2118,IT 서비스,True
100590,머큐리,2024,제조,True
215360,우리산업,2024,제조,True
003310,대주산업,2024,제조,True
419080,엔젯,2024,제조,True
039610,화성밸브,2024,제조,True
049480,오픈베이스,2118,IT 서비스,True
460870,에스엠씨지,2024,제조,True
053160,프리엠스,2024,제조,True
408470,한패스,2031,금융,True
352910,오비고,2118,IT 서비스,True
263600,덕우전자,2024,제조,True
095270,웨이브일렉트로,2024,제조,True
321370,센서뷰,2024,제조,True
001465,BYC우,,,False
111110,호전실업,1006,섬유·의류,True
045340,토탈소프트,2118,IT 서비스,True
092440,기신정기,1012,기계·장비,True
250030,진코스텍,,,False
037440,희림,2012,일반서비스,True
333620,엔시스,2024,제조,True
126880,제이엔케이글로벌,2024,제조,True
099520,DGI,2024,제조,True
464490,쿼드메디슨,2024,제조,True
229500,노브메타파마,,,False
273640,와이엠텍,2024,제조,True
263690,디알젬,2024,제조,True
348150,고바이오랩,2012,일반서비스,True
024910,경창산업,2024,제조,True
033310,엠투엔,2024,제조,True
378850,화승알앤에이,1015,운송장비·부품,True
024950,삼천리자전거,2027,유통,True
001550,조비,1008,화학,True
004450,삼화왕관,1011,금속,True
179900,유티아이,2024,제조,True
000950,전방,1006,섬유·의류,True
010470,오리콤,2012,일반서비스,True
050960,수산아이앤티,2118,IT 서비스,True
033230,인성정보,2118,IT 서비스,True
129260,인터지스,1019,운송·창고,True
007370,진양제약,2024,제조,True
065530,와이어블,2114,통신,True
459100,위츠,2024,제조,True
036120,서울평가정보,2118,IT 서비스,True
062970,한국첨단소재,2024,제조,True
251630,브이원텍,2024,제조,True
075180,새론오토모티브,1015,운송장비·부품,True
007815,코리아써우,,,False
294140,레몬,2024,제조,True
003925,남양유업우,,,False
070300,퀀텀레일,2118,IT 서비스,True
043710,코스리거글로벌,2027,유통,True
053270,구영테크,2024,제조,True
027050,코리아나,2024,제조,True
036090,위지트,2024,제조,True
012690,모나리자,1007,종이·목재,True
459550,알트,2024,제조,True
000725,현대건설우,,,False
347860,알체라,2118,IT 서비스,True
226340,본느,2024,제조,True
101140,인바이오젠,1016,유통,True
054930,유신,2012,일반서비스,True
094940,푸른로보틱스,2024,제조,True
024900,디와이덕양,1015,운송장비·부품,True
053050,지에스이,,,False
117670,알파칩스,2024,제조,True
003475,유안타증권우,,,False
340930,성원에너텍,2024,제조,True
020760,일진디스플,1013,전기전자,True
025550,한국선재,2024,제조,True
262260,에이프로,2024,제조,True
036670,삼양케이씨아이,2024,제조,True
435570,에르코스,2024,제조,True
452400,이닉스,2024,제조,True
347740,피엔케이피부임상연구센타,2012,일반서비스,True
217480,에스디생명공학,2024,제조,True
291650,츌립앤사이언스,2012,일반서비스,True
040610,SG&G,2024,제조,True
453860,에이에스텍,2024,제조,True
097800,윈팩,2024,제조,True
238090,앤디포스,2024,제조,True
105760,포스뱅크,2024,제조,True
288180,케이피항공산업,2024,제조,True
314140,알피바이오,2024,제조,True
025530,SJM홀딩스,1016,유통,True
090080,평화산업,1015,운송장비·부품,True
046940,우원개발,2026,건설,True
021050,서원,1011,금속,True
104620,노랑풍선,2012,일반서비스,True
170790,파이오링크,2024,제조,True
007460,에이프로젠,1009,제약,True
042110,에스씨디,2024,제조,True
104540,코렌텍,2024,제조,True
011390,부산산업,1010,비금속,True
088910,동우팜투테이블,2024,제조,True
002140,고려산업,1005,음식료·담배,True
311690,CJ 바이오사이언스,2012,일반서비스,True
192250,케이사인,2118,IT 서비스,True
004830,덕성,1008,화학,True
003465,유화증권우,,,False
002410,범양건영,1018,건설,True
340810,시선AI,2118,IT 서비스,True
010770,평화홀딩스,1015,운송장비·부품,True
123700,SJM,1015,운송장비·부품,True
246690,TS인베스트먼트,2031,금융,True
006880,신송홀딩스,1016,유통,True
260930,씨티케이,2024,제조,True
092300,현우산업,2024,제조,True
005305,롯데칠성우,,,False
039240,경남스틸,2024,제조,True
056360,코위버,2024,제조,True
37550K,DL이앤씨우,,,False
299170,더블유에스아이,2027,유통,True
015710,코콤,2024,제조,True
023810,인팩,1015,운송장비·부품,True
046210,HLB파나진,2024,제조,True
372910,한컴라이프케어,1014,의료·정밀기기,False
003780,진양산업,1008,화학,True
256630,포인트엔지니어링,2024,제조,True
071670,에이테크솔루션,2024,제조,True
006125,SK디스커버리우,,,False
315640,딥노이드,2118,IT 서비스,True
376290,씨유테크,2024,제조,True
28513K,SK케미칼우,,,False
393970,대진첨단소재,2024,제조,True
391710,코닉오토메이션,2024,제조,True
217500,러셀,2024,제조,True
317690,퀀타매트릭스,2024,제조,True
089790,제이티,2024,제조,True
027830,대성창투,2031,금융,True
219550,디와이디,2027,유통,True
122310,제노레이,2024,제조,True
317530,에피소드컴퍼니,2037,오락·문화,True
060560,HC홈센타,2027,유통,True
463480,모티브링크,2024,제조,True
002630,오리엔트바이오,1009,제약,True
038010,제일테크노스,2024,제조,True
027740,마니커,1005,음식료·담배,True
004410,서울식품,1005,음식료·담배,True
011230,삼화전자,1013,전기전자,True
340360,다보링크,2024,제조,True
382150,온코크로스,2012,일반서비스,True
317830,에스피시스템스,2024,제조,True
0013V0,삼진식품,2024,제조,True
019990,에너토크,2024,제조,True
35320K,대덕전자1우,,,False
037950,엘컴텍,2024,제조,True
006980,우성,1005,음식료·담배,True
011000,진원생명과학,1009,제약,True
053980,오상자이엘,2118,IT 서비스,True
068330,일신바이오,2024,제조,True
041650,상신브레이크,1015,운송장비·부품,True
004920,씨아이테크,1013,전기전자,True
163280,에어레인,2024,제조,True
440290,HB인베스트먼트,2031,금융,True
063440,SM Life Design,2024,제조,True
001620,케이비아이동국실업,1015,운송장비·부품,True
199550,레이저옵텍,2024,제조,True
080720,한국유니온제약,2024,제조,True
082660,코스나인,2024,제조,True
009320,아진전자부품,1015,운송장비·부품,True
059100,아이컴포넌트,2024,제조,True
418250,시큐레터,2118,IT 서비스,True
109080,옵티시스,2024,제조,True
357250,미래에셋맵스리츠,1045,부동산,True
286750,나노실리칸첨단소재,2024,제조,True
094970,제이엠티,2024,제조,True
198080,캐프,2024,제조,True
145170,노브랜드,2024,제조,True
317850,대모,2024,제조,True
050120,ES큐브,2027,유통,True
189980,흥국에프엔비,2024,제조,True
023440,제이스코홀딩스,2024,제조,True
131400,이브이첨단소재,2024,제조,True
000910,유니온,1010,비금속,True
317870,엔바이오니아,2024,제조,True
261520,이지스,2118,IT 서비스,True
053450,세코닉스,2024,제조,True
065130,탑엔지니어링,2024,제조,True
084870,TBH글로벌,1006,섬유·의류,True
033340,좋은사람들,2024,제조,True
007110,일신석재,1016,유통,True
480370,씨케이솔루션,1012,기계·장비,True
002920,유성기업,1015,운송장비·부품,True
143540,영우디에스피,2024,제조,True
321260,프로이천,2024,제조,True
162120,루켄테크놀러지스,,,False
361570,알비더블유,2037,오락·문화,True
384470,코어라인소프트,2118,IT 서비스,True
069460,대호에이엘,1011,금속,True
099410,동방선기,2024,제조,True
022220,티케이지애강,2024,제조,True
004910,조광페인트,1008,화학,True
290670,대보마그네틱,2024,제조,True
004540,깨끗한나라,1007,종이·목재,True
129890,앱코,2024,제조,True
072470,우리산업홀딩스,2024,제조,True
471820,셀로맥스사이언스,2024,제조,True
136410,아셈스,2024,제조,True
114450,그린생명과학,2024,제조,True
277070,린드먼아시아,2031,금융,True
476040,오가노이드사이언스,2012,일반서비스,True
052790,액토즈소프트,2118,IT 서비스,True
014910,성문전자,1013,전기전자,True
004060,SG세계물산,1016,유통,True
007680,대원,2026,건설,True
122830,원포유,,,False
227950,엔투텍,2024,제조,True
