code,name,themes,theme_count
035760,CJ ENM,엔터테인먼트/K-콘텐츠,1
097950,CJ제일제당,K-푸드,1
005830,DB손해보험,금융(은행/증권/보험),1
000990,DB하이텍,반도체,1
375500,DL이앤씨,건설,1
180400,DXVX,비만치료제(GLP-1),1
083450,GST,AI 데이터센터/전력망,1
006360,GS건설,건설,1
009540,HD한국조선해양,조선,1
443060,HD현대마린솔루션,조선,1
322000,HD현대에너지솔루션,ESS/BESS,1
267260,HD현대일렉트릭,"AI 데이터센터/전력망, 전력기기",2
329180,HD현대중공업,조선,1
028300,HLB,바이오/제약,1
047920,HLB제약,비만치료제(GLP-1),1
403870,HPSP,반도체,1
035900,JYP Ent.,엔터테인먼트/K-콘텐츠,1
105560,KB금융,금융(은행/증권/보험),1
030200,KT,"클라우드/데이터센터, 네오클라우드/GPU클라우드",2
051900,LG생활건강,화장품/K-뷰티,1
373220,LG에너지솔루션,"2차전지, ESS/BESS",2
011070,LG이노텍,자율주행,1
051910,LG화학,2차전지,1
079550,LIG디펜스앤에어로스페이스,"방산, 우주항공",2
010120,LS ELECTRIC,"AI 데이터센터/전력망, 전력기기",2
108320,LX세미콘,반도체,1
035420,NAVER,"AI(인공지능), 클라우드/데이터센터, 네오클라우드/GPU클라우드",3
005940,NH투자증권,금융(은행/증권/보험),1
010060,OCI홀딩스,태양광/풍력(신재생),1
005490,POSCO홀딩스,2차전지,1
218410,RFHIC,5G/6G/통신장비,1
056190,SFA,"2차전지, ESS/BESS",2
036540,SFA반도체,반도체,1
302440,SK바이오사이언스,바이오/제약,1
326030,SK바이오팜,바이오/제약,1
100090,SK오션플랜트,AI 데이터센터/전력망,1
017670,SK텔레콤,"AI(인공지능), 양자컴퓨터",2
000660,SK하이닉스,반도체,1
064960,SNT모티브,방산,1
100840,SNT에너지,원자력(SMR),1
079940,가비아,클라우드/데이터센터,1
399720,가온칩스,반도체,1
010130,고려아연,"2차전지, 금(원자재)",2
348150,고바이오랩,비만치료제(GLP-1),1
098460,고영,반도체,1
001570,금양,2차전지,1
036190,금화피에스시,원자력(SMR),1
033640,네패스,반도체,1
285490,노바텍,자율주행,1
006280,녹십자,바이오/제약,1
004370,농심,K-푸드,1
348340,뉴로메카,로봇/피지컬AI,1
023590,다우기술,클라우드/데이터센터,1
032190,다우데이타,클라우드/데이터센터,1
353200,대덕전자,AI서버 PCB/전자부품,1
290670,대보마그네틱,2차전지,1
078140,대봉엘에스,비만치료제(GLP-1),1
001680,대상,K-푸드,1
047040,대우건설,건설,1
069620,대웅제약,"바이오/제약, 비만치료제(GLP-1)",2
010170,대한광통신,5G/6G/통신장비,1
006650,대한유화,2차전지,1
263800,데이타솔루션,클라우드/데이터센터,1
033500,동성화인텍,조선,1
454910,두산로보틱스,로봇/피지컬AI,1
241560,두산밥캣,건설기계/중공업,1
034020,두산에너빌리티,"원자력(SMR), 가스발전/유틸리티",2
131970,두산테스나,반도체,1
203650,드림시큐리티,사이버보안,1
003160,디아이,반도체,1
347850,디앤디파마텍,비만치료제(GLP-1),1
315640,딥노이드,AI(인공지능),1
042510,라온시큐어,사이버보안,1
277810,레인보우로보틱스,로봇/피지컬AI,1
090360,로보스타,로봇/피지컬AI,1
108490,로보티즈,로봇/피지컬AI,1
280360,롯데웰푸드,K-푸드,1
328130,루닛,AI(인공지능),1
141080,리가켐바이오,바이오/제약,1
058470,리노공업,반도체,1
140410,메지온,바이오/제약,1
118990,모트렉스,자율주행,1
006800,미래에셋증권,금융(은행/증권/보험),1
003850,보령,바이오/제약,1
338220,뷰노,AI(인공지능),1
251630,브이원텍,2차전지,1
439580,블루엠텍,비만치료제(GLP-1),1
083650,비에이치아이,원자력(SMR),1
082920,비츠로셀,"2차전지, ESS/BESS",2
042370,비츠로테크,우주항공,1
065450,빅텍,방산,1
005180,빙그레,K-푸드,1
006400,삼성SDI,"2차전지, 자율주행",2
028260,삼성물산,건설,1
207940,삼성바이오로직스,바이오/제약,1
018260,삼성에스디에스,"클라우드/데이터센터, 네오클라우드/GPU클라우드",2
009150,삼성전기,"자율주행, AI서버 PCB/전자부품",2
005930,삼성전자,반도체,1
010140,삼성중공업,조선,1
016360,삼성증권,금융(은행/증권/보험),1
000810,삼성화재,금융(은행/증권/보험),1
006110,삼아알미늄,2차전지,1
003230,삼양식품,K-푸드,1
004380,삼익THK,로봇/피지컬AI,1
037460,삼지전자,5G/6G/통신장비,1
000250,삼천당제약,비만치료제(GLP-1),1
004690,삼천리,가스발전/유틸리티,1
001820,삼화콘덴서,ESS/BESS,1
089980,상아프론테크,2차전지,1
411080,샌즈랩,사이버보안,1
178320,서진시스템,반도체,1
014620,성광벤드,조선,1
075580,세진중공업,조선,1
321370,센서뷰,5G/6G/통신장비,1
108860,셀바스AI,AI(인공지능),1
068270,셀트리온,바이오/제약,1
068760,셀트리온제약,"바이오/제약, 비만치료제(GLP-1)",2
036830,솔브레인홀딩스,2차전지,1
236200,슈프리마,사이버보안,1
253450,스튜디오드래곤,엔터테인먼트/K-콘텐츠,1
065350,신성델타테크,2차전지,1
011930,신성이엔지,태양광/풍력(신재생),1
055550,신한지주,금융(은행/증권/보험),1
243840,신흥에스이씨,2차전지,1
257720,실리콘투,화장품/K-뷰티,1
222800,심텍,AI서버 PCB/전자부품,1
050890,쏠리드,5G/6G/통신장비,1
297090,씨에스베어링,"AI 데이터센터/전력망, 태양광/풍력(신재생)",2
112610,씨에스윈드,"AI 데이터센터/전력망, 태양광/풍력(신재생)",2
096530,씨젠,바이오/제약,1
090430,아모레퍼시픽,화장품/K-뷰티,1
143160,아이디스,사이버보안,1
214430,아이쓰리시스템,방산,1
053800,안랩,사이버보안,1
347860,알체라,AI(인공지능),1
196170,알테오젠,바이오/제약,1
019990,에너토크,원자력(SMR),1
270660,에브리봇,로봇/피지컬AI,1
389500,에스비비테크,로봇/피지컬AI,1
041510,에스엠,엔터테인먼트/K-콘텐츠,1
012750,에스원,사이버보안,1
058610,에스피지,로봇/피지컬AI,1
200710,에이디테크놀로지,반도체,1
088800,에이스테크,자율주행,1
278470,에이피알,화장품/K-뷰티,1
230240,에치에프알,5G/6G/통신장비,1
086520,에코프로,2차전지,1
247540,에코프로비엠,2차전지,1
356680,엑스게이트,양자컴퓨터,1
348370,엔켐,2차전지,1
097520,엠씨넥스,자율주행,1
046120,오르비텍,원자력(SMR),1
014940,오리엔탈정공,조선,1
271560,오리온,K-푸드,1
138080,오이솔루션,5G/6G/통신장비,1
226950,올릭스,비만치료제(GLP-1),1
109080,옵티시스,5G/6G/통신장비,1
096250,와이즈넛,AI(인공지능),1
122870,와이지엔터테인먼트,엔터테인먼트/K-콘텐츠,1
316140,우리금융지주,금융(은행/증권/보험),1
032820,우리기술,원자력(SMR),1
046970,우리로,양자컴퓨터,1
017370,우신시스템,2차전지,1
105840,우진,원자력(SMR),1
457550,우진엔텍,원자력(SMR),1
240810,원익IPS,반도체,1
217820,원익피앤이,2차전지,1
030530,원익홀딩스,로봇/피지컬AI,1
053580,웹케시,클라우드/데이터센터,1
036200,유니셈,AI 데이터센터/전력망,1
077500,유니퀘스트,자율주행,1
086390,유니테스트,반도체,1
264450,유비쿼스,5G/6G/통신장비,1
388720,유일로보틱스,로봇/피지컬AI,1
056080,유진로봇,로봇/피지컬AI,1
084370,유진테크,반도체,1
000100,유한양행,"바이오/제약, 비만치료제(GLP-1)",2
264850,이랜시스,로봇/피지컬AI,1
054210,이랜텍,2차전지,1
007660,이수페타시스,AI서버 PCB/전자부품,1
039030,이오테크닉스,반도체,1
389470,인벤티지랩,비만치료제(GLP-1),1
100030,인지소프트,클라우드/데이터센터,1
103590,일진전기,"AI 데이터센터/전력망, 전력기기",2
094820,일진파워,원자력(SMR),1
079370,제우스,반도체,1
185750,종근당,바이오/제약,1
036930,주성엔지니어링,반도체,1
053050,지에스이,가스발전/유틸리티,1
388050,지투파워,원자력(SMR),1
278280,천보,2차전지,1
094360,칩스앤미디어,자율주행,1
115500,케이씨에스,양자컴퓨터,1
093320,케이아이엔엑스,클라우드/데이터센터,1
093640,케이알엠,반도체,1
073010,케이에스피,우주항공,1
032500,케이엠더블유,5G/6G/통신장비,1
274090,켄코아에어로스페이스,우주항공,1
220260,켐트로스,2차전지,1
402030,코난테크놀로지,AI(인공지능),1
007810,코리아써키트,AI서버 PCB/전자부품,1
123410,코리아에프티,자율주행,1
192820,코스맥스,화장품/K-뷰티,1
005070,코스모신소재,2차전지,1
102940,코오롱생명과학,화장품/K-뷰티,1
120110,코오롱인더,ESS/BESS,1
056360,코위버,양자컴퓨터,1
060280,큐렉소,로봇/피지컬AI,1
115180,큐리언트,바이오/제약,1
466100,클로봇,로봇/피지컬AI,1
237880,클리오,화장품/K-뷰티,1
360070,탑머티리얼,2차전지,1
023160,태광,조선,1
089030,테크윙,반도체,1
054450,텔레칩스,자율주행,1
117730,티로보틱스,로봇/피지컬AI,1
064760,티씨케이,반도체,1
131290,티에스이,반도체,1
356860,티엘비,AI서버 PCB/전자부품,1
440110,파두,반도체,1
047310,파워로직스,2차전지,1
368770,파이버프로,방산,1
170790,파이오링크,사이버보안,1
140860,파크시스템스,반도체,1
010820,퍼스텍,방산,1
087010,펩트론,비만치료제(GLP-1),1
003670,포스코퓨처엠,2차전지,1
017810,풀무원,K-푸드,1
103140,풍산,"방산, 금(원자재)",2
005810,풍산홀딩스,방산,1
370090,퓨런티어,자율주행,1
300080,플리토,AI(인공지능),1
319660,피에스케이,반도체,1
031980,피에스케이홀딩스,반도체,1
137400,피엔티,2차전지,1
161580,필옵틱스,2차전지,1
086790,하나금융지주,금융(은행/증권/보험),1
299030,하나기술,2차전지,1
067310,하나마이크론,반도체,1
352820,하이브,엔터테인먼트/K-콘텐츠,1
000080,하이트진로,K-푸드,1
256840,한국비엔씨,비만치료제(GLP-1),1
015760,한국전력,가스발전/유틸리티,1
053300,한국정보인증,사이버보안,1
047810,한국항공우주,"방산, 우주항공",2
002390,한독,비만치료제(GLP-1),1
042700,한미반도체,반도체,1
128940,한미약품,비만치료제(GLP-1),1
004710,한솔테크닉스,태양광/풍력(신재생),1
011700,한신기계,원자력(SMR),1
024740,한일단조,방산,1
051600,한전KPS,원자력(SMR),1
052690,한전기술,"AI 데이터센터/전력망, 원자력(SMR)",2
130660,한전산업,원자력(SMR),1
009830,한화솔루션,"2차전지, 태양광/풍력(신재생)",2
272210,한화시스템,방산,1
012450,한화에어로스페이스,"방산, 우주항공",2
042660,한화오션,조선,1
000720,현대건설,건설,1
064350,현대로템,방산,1
012330,현대모비스,ESS/BESS,1
307950,현대오토에버,자율주행,1
298040,효성중공업,"AI 데이터센터/전력망, 전력기기",2
093370,후성,2차전지,1
005870,휴니드,"방산, 우주항공",2
090710,휴림로봇,로봇/피지컬AI,1
145020,휴젤,바이오/제약,1
