theme,grade,grade_label,note,checked_date
로봇/피지컬AI,5,매우 높음,여러 매체에서 최근 몇 주 사이 계속 다루고 있고 실적 성장률까지 언급되는 수준,2026-09-16
2차전지,5,매우 높음,최근 1~2주 ESS·전고체 배터리 ETF가 한 달 새 21% 오르며 반도체에서 자금이 옮겨오는 흐름이 반복 보도됨,2026-09-16
반도체,4,높음,최근 3주간 코스피 상승을 주도하는 핵심 테마로 계속 언급되나 최근 며칠은 2차전지·전력 테마로 자금 이동(순환매) 흐름도 함께 보도됨,2026-09-16
AI(인공지능),3,보통,미국 AI 대형주(엔비디아·AMD 등) 열기는 뜨겁지만 국내 AI 소프트웨어 종목만 따로 다룬 최신 기사는 상대적으로 적음. 정리성 테마 글 위주로 실시간 화제성은 약함,2026-09-30
방산,4,높음,크로아티아 천무 수출 계약(9/10)과 UAE 통합방공망 협력 소식이 이어지며 하반기 대형 프로젝트 수주 기대가 반복 보도됨,2026-09-30
조선,4,높음,핵추진잠수함 IAEA 협의 시작과 특수선 해외 수주 성과, 해양플랜트 시장 회복이 겹치며 9월 조선주가 일제히 강세를 보였다는 보도가 이어짐,2026-09-30
우주항공,4,높음,스페이스X 스타십 시험비행 기대로 9월 17일 켄코아에어로스페이스·센서뷰 등 관련주가 동반 급등했고 누리호 5차 발사도 9월 목표로 진행 중,2026-09-30
원자력(SMR),4,높음,SMR 산업 육성 특별법이 시행되며 제도적 기반이 갖춰졌고 삼성물산의 스웨덴 원전기업 SMR 프로젝트 추진 협약(9/11) 등이 이어짐,2026-09-30
AI 데이터센터/전력망,5,매우 높음,효성중공업이 9월 한 달 동안 미국 빅테크 데이터센터향 초고압변압기 3865억원을 수주하는 등 미국 전력망 투자 확대에 따른 국내 전력기기 업체 수주 소식이 반복 보도됨,2026-09-30
사이버보안,5,매우 높음,AI 에이전트 확산에 따른 해킹 우려로 국내 보안주가 3개월간 최대 50% 상승했고 9월 28일에도 관련 기사가 나올 정도로 화제성이 지속됨,2026-09-30
건설,5,매우 높음,9월 KRX 업종지수 상승률 1위를 기록했고 대미 투자·데이터센터·원전 수주 기대로 급등락을 반복하며 거의 매일 보도가 이어짐,2026-09-30
ESS/BESS,5,매우 높음,북미 탈중국 공급망 강화와 AI 데이터센터 전력 수요로 최근 한 달간 관련주가 급등했고 9월 28일에도 서진시스템 12% 급등 등 거의 매일 기사가 나옴,2026-09-30
비만치료제(GLP-1),5,매우 높음,한미약품 로슈 기술이전 목표주가 상향(9/10)에 이어 9월 17일 23일 등 여러 차례 관련주가 상한가·강세를 기록하며 화제성이 이어짐,2026-09-30
양자컴퓨터,5,매우 높음,엔비디아의 아이온큐 협력 소식으로 9월 23일 국내 양자 관련주가 엑스게이트 16퍼센트 드림시큐리티 10퍼센트 등 줄줄이 급등함,2026-09-30
화장품/K-뷰티,4,높음,수출 증가와 외국인 관광객 소비로 강세를 보이다 9월 들어 밸류에이션 부담으로 9거래일 연속 조정을 받는 등 등락은 있으나 뉴스 언급 자체는 꾸준함,2026-09-30
전력기기,4,높음,효성중공업 LS ELECTRIC 등이 미국 전력망 투자 확대의 핵심 수혜주로 반복 언급되나 최근 급등에 따른 차익실현으로 개별 종목별 등락이 엇갈림,2026-09-30
태양광/풍력(신재생),3,보통,전력기기·에너지 인프라 대비 상대적으로 약세를 보이며 신재생 테마 내에서도 세부 업종별 차별화가 두드러짐,2026-09-30
K-푸드,3,보통,비만치료제 확산이 식품 소비 패턴에 미치는 영향을 다루는 기사에서 함께 언급되나 K푸드 자체를 다루는 독자적인 최신 기사는 상대적으로 적음,2026-09-30
금융(은행/증권/보험),3,보통,하반기 KRX은행 15퍼센트대 KRX보험 14퍼센트대 상승으로 견조했으나 건설주 등 다른 업종에 상대적으로 주도권을 내준 모습,2026-09-30
엔터테인먼트/K-콘텐츠,2,낮음,최근 검색에서 뚜렷한 9월 화제성 신호가 확인되지 않음. 과거 M&A 이슈 위주로 검색되어 재확인 필요,2026-09-30
클라우드/데이터센터,3,보통,AI 데이터센터 전력망 관련 화제성은 높으나 국내 클라우드 서비스 기업만 별도로 다룬 최신 기사는 상대적으로 적음,2026-09-30
네오클라우드/GPU클라우드,3,보통,미국 코어위브 등 해외 네오클라우드 기업 뉴스는 많으나 국내 관련주를 별도로 다룬 최신 기사는 상대적으로 적어 재확인 필요,2026-09-30
가스발전/유틸리티,3,보통,미국 대미투자 프로젝트에서 가스복합화력발전소가 원전과 함께 언급되나 국내 가스발전 관련주 단독 화제성은 상대적으로 약함,2026-09-30
AI서버 PCB/전자부품,3,보통,AI 서버 수요 확대의 수혜 산업으로 꾸준히 거론되나 이번 검색에서 9월 개별 급등 사례는 확인되지 않아 재확인 필요,2026-09-30
건설기계/중공업,3,보통,조선·방산과 밸류체인이 겹치는 중공업 업종 전반의 화제성은 있으나 건설기계만 별도로 다룬 최신 기사는 확인되지 않아 재확인 필요,2026-09-30
금(원자재),2,낮음,9월 28일 국제 금값이 장중 2퍼센트 이상 하락하는 등 최근 조정 국면으로 화제성이 약해짐,2026-09-30
바이오/제약,4,높음,한미약품·셀트리온 등 비만치료제·기술이전 파이프라인 뉴스가 9월 내내 반복되며 개별 종목 중심으로 화제성이 이어짐,2026-09-30
자율주행,3,보통,전기차·반도체 테마에 묻어 언급되는 경우가 많고 자율주행 단독의 9월 개별 급등 사례는 확인되지 않아 재확인 필요,2026-09-30
5G/6G/통신장비,3,보통,통신망 투자 기대로 기판·광통신 관련주가 순환매 대상으로 언급되나 5G/6G 단독 화제성은 상대적으로 약함,2026-09-30
